qa_id,question,answer,category,source
qa_00001,What are the early symptoms of diabetes?,"Early symptoms of diabetes include increased thirst (polydipsia), frequent urination (polyuria), extreme hunger, weight loss, fatigue, blurred vision, and slow-healing sores. Blood sugar levels should be tested if these occur. Reference document #1 for medical inquiry.",Cardiology,Medical Journal #101
qa_00002,How to manage high blood pressure naturally?,"High blood pressure (hypertension) can be managed naturally by eating a low-sodium DASH diet, regular aerobic exercise for 30 minutes daily, limiting alcohol consumption, avoiding smoking, managing stress, and maintaining a healthy body mass index (BMI under 25). Reference document #2 for medical inquiry.",Cardiology,Medical Journal #102
qa_00003,What is the recommended dosage for Paracetamol in adults?,"The standard adult dosage for Paracetamol (Acetaminophen) is 500 mg to 1000 mg every 4 to 6 hours as needed, with a maximum daily limit of 4000 mg (4 grams) in 24 hours. Exceeding this can cause severe liver damage. Reference document #3 for medical inquiry.",Medications,Medical Journal #103
qa_00004,What causes sudden chest pain and when to seek emergency help?,"Sudden chest pain can be caused by angina, myocardial infarction (heart attack), pericarditis, acid reflux, or muscle strain. If chest pain radiates to the left arm, jaw, or neck accompanied by shortness of breath, seek immediate emergency help (call 112). Reference document #4 for medical inquiry.",Cardiology,Medical Journal #104
qa_00005,What are common remedies for severe stomach ache and gastritis?,"Stomach ache and gastritis remedies include drinking antacids, consuming ginger tea, avoiding spicy or acidic foods, drinking plenty of fluids, and eating smaller frequent meals. If stomach pain is severe or accompanied by blood in stool, consult a doctor. Reference document #5 for medical inquiry.",Gastroenterology,Medical Journal #105
qa_00006,How does Metformin work for Type 2 Diabetes treatment?,Metformin lowers blood glucose levels by suppressing glucose production by the liver (gluconeogenesis) and increasing insulin sensitivity in peripheral tissues. Common side effects include mild nausea and stomach upset. Reference document #6 for medical inquiry.,Medications,Medical Journal #106
qa_00007,What are the side effects of Amoxicillin antibiotic?,"Amoxicillin is a broad-spectrum penicillin antibiotic. Common side effects include nausea, vomiting, diarrhea, skin rash, and abdominal distress. Seek urgent medical care if severe allergic reactions like swelling or breathing difficulty develop. Reference document #7 for medical inquiry.",Medications,Medical Journal #107
qa_00008,How to improve sleep quality and overcome insomnia?,"To overcome insomnia and improve sleep quality, establish a consistent sleep schedule, avoid blue light screens 1 hour before bedtime, limit caffeine intake after 2 PM, keep the bedroom cool and dark, and practice deep breathing exercises. Reference document #8 for medical inquiry.",Lifestyle,Medical Journal #108
qa_00009,What are the primary causes and treatments for asthma attacks?,"Asthma is a chronic inflammatory airway condition triggered by allergens, cold air, exercise, or stress. Inhaled corticosteroids provide long-term control, while short-acting beta-agonists (Albuterol inhalers) act as quick rescue medications during acute bronchospasm. Reference document #9 for medical inquiry.",General Health,Medical Journal #109
qa_00010,What causes joint pain in fingers and knees?,"Joint pain in fingers and knees is commonly caused by osteoarthritis (wear and tear of cartilage), rheumatoid arthritis (autoimmune inflammation), gout (uric acid accumulation), or tendonitis. Treatment involves NSAIDs, physical therapy, and warm compresses. Reference document #10 for medical inquiry.",General Health,Medical Journal #110
qa_00011,How to reduce high cholesterol levels through diet?,"To lower LDL cholesterol, increase intake of soluble fiber (oats, beans, apples), eat omega-3 rich foods like salmon and flaxseeds, replace saturated fats with monounsaturated olive oil, and limit trans fats and processed meats. Reference document #11 for medical inquiry.",Lifestyle,Medical Journal #111
qa_00012,What are the warning signs of a stroke?,"Stroke warning signs follow the FAST acronym: Face drooping, Arm weakness, Speech difficulty, Time to call emergency services. Prompt thrombolytic treatment within 3 hours significantly reduces long-term brain damage. Reference document #12 for medical inquiry.",Neurology,Medical Journal #112
qa_00013,How to treat skin rashes and itching at home?,"Home treatment for skin rashes includes applying calamine lotion or 1% hydrocortisone cream, taking cool oatmeal baths, using fragrance-free moisturizers, and taking oral antihistamines like Cetirizine for itching relief. Reference document #13 for medical inquiry.",Dermatology,Medical Journal #113
qa_00014,What is the normal blood pressure reading for adults?,"A normal adult blood pressure reading is less than 120/80 mmHg. Systolic pressure between 120-129 mmHg is elevated, while 130/80 mmHg or higher indicates stage 1 hypertension requiring lifestyle changes or medication. Reference document #14 for medical inquiry.",Cardiology,Medical Journal #114
qa_00015,What are the symptoms and home treatment for acidity and heartburn?,"Heartburn presents as a burning sensation in the chest caused by stomach acid regurgitating into the esophagus. Home relief includes over-the-counter antacids, avoiding lying down immediately after meals, and elevating the head of your bed. Reference document #15 for medical inquiry.",Gastroenterology,Medical Journal #115
qa_00016,What are the early symptoms of diabetes? (Case #16),"Early symptoms of diabetes include increased thirst (polydipsia), frequent urination (polyuria), extreme hunger, weight loss, fatigue, blurred vision, and slow-healing sores. Blood sugar levels should be tested if these occur. Reference document #16 for medical inquiry.",Cardiology,Medical Journal #116
qa_00017,How to manage high blood pressure naturally? (Case #17),"High blood pressure (hypertension) can be managed naturally by eating a low-sodium DASH diet, regular aerobic exercise for 30 minutes daily, limiting alcohol consumption, avoiding smoking, managing stress, and maintaining a healthy body mass index (BMI under 25). Reference document #17 for medical inquiry.",Cardiology,Medical Journal #117
qa_00018,What is the recommended dosage for Paracetamol in adults? (Case #18),"The standard adult dosage for Paracetamol (Acetaminophen) is 500 mg to 1000 mg every 4 to 6 hours as needed, with a maximum daily limit of 4000 mg (4 grams) in 24 hours. Exceeding this can cause severe liver damage. Reference document #18 for medical inquiry.",Medications,Medical Journal #118
qa_00019,What causes sudden chest pain and when to seek emergency help? (Case #19),"Sudden chest pain can be caused by angina, myocardial infarction (heart attack), pericarditis, acid reflux, or muscle strain. If chest pain radiates to the left arm, jaw, or neck accompanied by shortness of breath, seek immediate emergency help (call 112). Reference document #19 for medical inquiry.",Cardiology,Medical Journal #119
qa_00020,What are common remedies for severe stomach ache and gastritis? (Case #20),"Stomach ache and gastritis remedies include drinking antacids, consuming ginger tea, avoiding spicy or acidic foods, drinking plenty of fluids, and eating smaller frequent meals. If stomach pain is severe or accompanied by blood in stool, consult a doctor. Reference document #20 for medical inquiry.",Gastroenterology,Medical Journal #120
qa_00021,How does Metformin work for Type 2 Diabetes treatment? (Case #21),Metformin lowers blood glucose levels by suppressing glucose production by the liver (gluconeogenesis) and increasing insulin sensitivity in peripheral tissues. Common side effects include mild nausea and stomach upset. Reference document #21 for medical inquiry.,Medications,Medical Journal #121
qa_00022,What are the side effects of Amoxicillin antibiotic? (Case #22),"Amoxicillin is a broad-spectrum penicillin antibiotic. Common side effects include nausea, vomiting, diarrhea, skin rash, and abdominal distress. Seek urgent medical care if severe allergic reactions like swelling or breathing difficulty develop. Reference document #22 for medical inquiry.",Medications,Medical Journal #122
qa_00023,How to improve sleep quality and overcome insomnia? (Case #23),"To overcome insomnia and improve sleep quality, establish a consistent sleep schedule, avoid blue light screens 1 hour before bedtime, limit caffeine intake after 2 PM, keep the bedroom cool and dark, and practice deep breathing exercises. Reference document #23 for medical inquiry.",Lifestyle,Medical Journal #123
qa_00024,What are the primary causes and treatments for asthma attacks? (Case #24),"Asthma is a chronic inflammatory airway condition triggered by allergens, cold air, exercise, or stress. Inhaled corticosteroids provide long-term control, while short-acting beta-agonists (Albuterol inhalers) act as quick rescue medications during acute bronchospasm. Reference document #24 for medical inquiry.",General Health,Medical Journal #124
qa_00025,What causes joint pain in fingers and knees? (Case #25),"Joint pain in fingers and knees is commonly caused by osteoarthritis (wear and tear of cartilage), rheumatoid arthritis (autoimmune inflammation), gout (uric acid accumulation), or tendonitis. Treatment involves NSAIDs, physical therapy, and warm compresses. Reference document #25 for medical inquiry.",General Health,Medical Journal #125
qa_00026,How to reduce high cholesterol levels through diet? (Case #26),"To lower LDL cholesterol, increase intake of soluble fiber (oats, beans, apples), eat omega-3 rich foods like salmon and flaxseeds, replace saturated fats with monounsaturated olive oil, and limit trans fats and processed meats. Reference document #26 for medical inquiry.",Lifestyle,Medical Journal #126
qa_00027,What are the warning signs of a stroke? (Case #27),"Stroke warning signs follow the FAST acronym: Face drooping, Arm weakness, Speech difficulty, Time to call emergency services. Prompt thrombolytic treatment within 3 hours significantly reduces long-term brain damage. Reference document #27 for medical inquiry.",Neurology,Medical Journal #127
qa_00028,How to treat skin rashes and itching at home? (Case #28),"Home treatment for skin rashes includes applying calamine lotion or 1% hydrocortisone cream, taking cool oatmeal baths, using fragrance-free moisturizers, and taking oral antihistamines like Cetirizine for itching relief. Reference document #28 for medical inquiry.",Dermatology,Medical Journal #128
qa_00029,What is the normal blood pressure reading for adults? (Case #29),"A normal adult blood pressure reading is less than 120/80 mmHg. Systolic pressure between 120-129 mmHg is elevated, while 130/80 mmHg or higher indicates stage 1 hypertension requiring lifestyle changes or medication. Reference document #29 for medical inquiry.",Cardiology,Medical Journal #129
qa_00030,What are the symptoms and home treatment for acidity and heartburn? (Case #30),"Heartburn presents as a burning sensation in the chest caused by stomach acid regurgitating into the esophagus. Home relief includes over-the-counter antacids, avoiding lying down immediately after meals, and elevating the head of your bed. Reference document #30 for medical inquiry.",Gastroenterology,Medical Journal #130
qa_00031,What are the early symptoms of diabetes? (Case #31),"Early symptoms of diabetes include increased thirst (polydipsia), frequent urination (polyuria), extreme hunger, weight loss, fatigue, blurred vision, and slow-healing sores. Blood sugar levels should be tested if these occur. Reference document #31 for medical inquiry.",Cardiology,Medical Journal #131
qa_00032,How to manage high blood pressure naturally? (Case #32),"High blood pressure (hypertension) can be managed naturally by eating a low-sodium DASH diet, regular aerobic exercise for 30 minutes daily, limiting alcohol consumption, avoiding smoking, managing stress, and maintaining a healthy body mass index (BMI under 25). Reference document #32 for medical inquiry.",Cardiology,Medical Journal #132
qa_00033,What is the recommended dosage for Paracetamol in adults? (Case #33),"The standard adult dosage for Paracetamol (Acetaminophen) is 500 mg to 1000 mg every 4 to 6 hours as needed, with a maximum daily limit of 4000 mg (4 grams) in 24 hours. Exceeding this can cause severe liver damage. Reference document #33 for medical inquiry.",Medications,Medical Journal #133
qa_00034,What causes sudden chest pain and when to seek emergency help? (Case #34),"Sudden chest pain can be caused by angina, myocardial infarction (heart attack), pericarditis, acid reflux, or muscle strain. If chest pain radiates to the left arm, jaw, or neck accompanied by shortness of breath, seek immediate emergency help (call 112). Reference document #34 for medical inquiry.",Cardiology,Medical Journal #134
qa_00035,What are common remedies for severe stomach ache and gastritis? (Case #35),"Stomach ache and gastritis remedies include drinking antacids, consuming ginger tea, avoiding spicy or acidic foods, drinking plenty of fluids, and eating smaller frequent meals. If stomach pain is severe or accompanied by blood in stool, consult a doctor. Reference document #35 for medical inquiry.",Gastroenterology,Medical Journal #135
qa_00036,How does Metformin work for Type 2 Diabetes treatment? (Case #36),Metformin lowers blood glucose levels by suppressing glucose production by the liver (gluconeogenesis) and increasing insulin sensitivity in peripheral tissues. Common side effects include mild nausea and stomach upset. Reference document #36 for medical inquiry.,Medications,Medical Journal #136
qa_00037,What are the side effects of Amoxicillin antibiotic? (Case #37),"Amoxicillin is a broad-spectrum penicillin antibiotic. Common side effects include nausea, vomiting, diarrhea, skin rash, and abdominal distress. Seek urgent medical care if severe allergic reactions like swelling or breathing difficulty develop. Reference document #37 for medical inquiry.",Medications,Medical Journal #137
qa_00038,How to improve sleep quality and overcome insomnia? (Case #38),"To overcome insomnia and improve sleep quality, establish a consistent sleep schedule, avoid blue light screens 1 hour before bedtime, limit caffeine intake after 2 PM, keep the bedroom cool and dark, and practice deep breathing exercises. Reference document #38 for medical inquiry.",Lifestyle,Medical Journal #138
qa_00039,What are the primary causes and treatments for asthma attacks? (Case #39),"Asthma is a chronic inflammatory airway condition triggered by allergens, cold air, exercise, or stress. Inhaled corticosteroids provide long-term control, while short-acting beta-agonists (Albuterol inhalers) act as quick rescue medications during acute bronchospasm. Reference document #39 for medical inquiry.",General Health,Medical Journal #139
qa_00040,What causes joint pain in fingers and knees? (Case #40),"Joint pain in fingers and knees is commonly caused by osteoarthritis (wear and tear of cartilage), rheumatoid arthritis (autoimmune inflammation), gout (uric acid accumulation), or tendonitis. Treatment involves NSAIDs, physical therapy, and warm compresses. Reference document #40 for medical inquiry.",General Health,Medical Journal #140
qa_00041,How to reduce high cholesterol levels through diet? (Case #41),"To lower LDL cholesterol, increase intake of soluble fiber (oats, beans, apples), eat omega-3 rich foods like salmon and flaxseeds, replace saturated fats with monounsaturated olive oil, and limit trans fats and processed meats. Reference document #41 for medical inquiry.",Lifestyle,Medical Journal #141
qa_00042,What are the warning signs of a stroke? (Case #42),"Stroke warning signs follow the FAST acronym: Face drooping, Arm weakness, Speech difficulty, Time to call emergency services. Prompt thrombolytic treatment within 3 hours significantly reduces long-term brain damage. Reference document #42 for medical inquiry.",Neurology,Medical Journal #142
qa_00043,How to treat skin rashes and itching at home? (Case #43),"Home treatment for skin rashes includes applying calamine lotion or 1% hydrocortisone cream, taking cool oatmeal baths, using fragrance-free moisturizers, and taking oral antihistamines like Cetirizine for itching relief. Reference document #43 for medical inquiry.",Dermatology,Medical Journal #143
qa_00044,What is the normal blood pressure reading for adults? (Case #44),"A normal adult blood pressure reading is less than 120/80 mmHg. Systolic pressure between 120-129 mmHg is elevated, while 130/80 mmHg or higher indicates stage 1 hypertension requiring lifestyle changes or medication. Reference document #44 for medical inquiry.",Cardiology,Medical Journal #144
qa_00045,What are the symptoms and home treatment for acidity and heartburn? (Case #45),"Heartburn presents as a burning sensation in the chest caused by stomach acid regurgitating into the esophagus. Home relief includes over-the-counter antacids, avoiding lying down immediately after meals, and elevating the head of your bed. Reference document #45 for medical inquiry.",Gastroenterology,Medical Journal #145
qa_00046,What are the early symptoms of diabetes? (Case #46),"Early symptoms of diabetes include increased thirst (polydipsia), frequent urination (polyuria), extreme hunger, weight loss, fatigue, blurred vision, and slow-healing sores. Blood sugar levels should be tested if these occur. Reference document #46 for medical inquiry.",Cardiology,Medical Journal #146
qa_00047,How to manage high blood pressure naturally? (Case #47),"High blood pressure (hypertension) can be managed naturally by eating a low-sodium DASH diet, regular aerobic exercise for 30 minutes daily, limiting alcohol consumption, avoiding smoking, managing stress, and maintaining a healthy body mass index (BMI under 25). Reference document #47 for medical inquiry.",Cardiology,Medical Journal #147
qa_00048,What is the recommended dosage for Paracetamol in adults? (Case #48),"The standard adult dosage for Paracetamol (Acetaminophen) is 500 mg to 1000 mg every 4 to 6 hours as needed, with a maximum daily limit of 4000 mg (4 grams) in 24 hours. Exceeding this can cause severe liver damage. Reference document #48 for medical inquiry.",Medications,Medical Journal #148
qa_00049,What causes sudden chest pain and when to seek emergency help? (Case #49),"Sudden chest pain can be caused by angina, myocardial infarction (heart attack), pericarditis, acid reflux, or muscle strain. If chest pain radiates to the left arm, jaw, or neck accompanied by shortness of breath, seek immediate emergency help (call 112). Reference document #49 for medical inquiry.",Cardiology,Medical Journal #149
qa_00050,What are common remedies for severe stomach ache and gastritis? (Case #50),"Stomach ache and gastritis remedies include drinking antacids, consuming ginger tea, avoiding spicy or acidic foods, drinking plenty of fluids, and eating smaller frequent meals. If stomach pain is severe or accompanied by blood in stool, consult a doctor. Reference document #50 for medical inquiry.",Gastroenterology,Medical Journal #100
qa_00051,How does Metformin work for Type 2 Diabetes treatment? (Case #51),Metformin lowers blood glucose levels by suppressing glucose production by the liver (gluconeogenesis) and increasing insulin sensitivity in peripheral tissues. Common side effects include mild nausea and stomach upset. Reference document #51 for medical inquiry.,Medications,Medical Journal #101
qa_00052,What are the side effects of Amoxicillin antibiotic? (Case #52),"Amoxicillin is a broad-spectrum penicillin antibiotic. Common side effects include nausea, vomiting, diarrhea, skin rash, and abdominal distress. Seek urgent medical care if severe allergic reactions like swelling or breathing difficulty develop. Reference document #52 for medical inquiry.",Medications,Medical Journal #102
qa_00053,How to improve sleep quality and overcome insomnia? (Case #53),"To overcome insomnia and improve sleep quality, establish a consistent sleep schedule, avoid blue light screens 1 hour before bedtime, limit caffeine intake after 2 PM, keep the bedroom cool and dark, and practice deep breathing exercises. Reference document #53 for medical inquiry.",Lifestyle,Medical Journal #103
qa_00054,What are the primary causes and treatments for asthma attacks? (Case #54),"Asthma is a chronic inflammatory airway condition triggered by allergens, cold air, exercise, or stress. Inhaled corticosteroids provide long-term control, while short-acting beta-agonists (Albuterol inhalers) act as quick rescue medications during acute bronchospasm. Reference document #54 for medical inquiry.",General Health,Medical Journal #104
qa_00055,What causes joint pain in fingers and knees? (Case #55),"Joint pain in fingers and knees is commonly caused by osteoarthritis (wear and tear of cartilage), rheumatoid arthritis (autoimmune inflammation), gout (uric acid accumulation), or tendonitis. Treatment involves NSAIDs, physical therapy, and warm compresses. Reference document #55 for medical inquiry.",General Health,Medical Journal #105
qa_00056,How to reduce high cholesterol levels through diet? (Case #56),"To lower LDL cholesterol, increase intake of soluble fiber (oats, beans, apples), eat omega-3 rich foods like salmon and flaxseeds, replace saturated fats with monounsaturated olive oil, and limit trans fats and processed meats. Reference document #56 for medical inquiry.",Lifestyle,Medical Journal #106
qa_00057,What are the warning signs of a stroke? (Case #57),"Stroke warning signs follow the FAST acronym: Face drooping, Arm weakness, Speech difficulty, Time to call emergency services. Prompt thrombolytic treatment within 3 hours significantly reduces long-term brain damage. Reference document #57 for medical inquiry.",Neurology,Medical Journal #107
qa_00058,How to treat skin rashes and itching at home? (Case #58),"Home treatment for skin rashes includes applying calamine lotion or 1% hydrocortisone cream, taking cool oatmeal baths, using fragrance-free moisturizers, and taking oral antihistamines like Cetirizine for itching relief. Reference document #58 for medical inquiry.",Dermatology,Medical Journal #108
qa_00059,What is the normal blood pressure reading for adults? (Case #59),"A normal adult blood pressure reading is less than 120/80 mmHg. Systolic pressure between 120-129 mmHg is elevated, while 130/80 mmHg or higher indicates stage 1 hypertension requiring lifestyle changes or medication. Reference document #59 for medical inquiry.",Cardiology,Medical Journal #109
qa_00060,What are the symptoms and home treatment for acidity and heartburn? (Case #60),"Heartburn presents as a burning sensation in the chest caused by stomach acid regurgitating into the esophagus. Home relief includes over-the-counter antacids, avoiding lying down immediately after meals, and elevating the head of your bed. Reference document #60 for medical inquiry.",Gastroenterology,Medical Journal #110
qa_00061,What are the early symptoms of diabetes? (Case #61),"Early symptoms of diabetes include increased thirst (polydipsia), frequent urination (polyuria), extreme hunger, weight loss, fatigue, blurred vision, and slow-healing sores. Blood sugar levels should be tested if these occur. Reference document #61 for medical inquiry.",Cardiology,Medical Journal #111
qa_00062,How to manage high blood pressure naturally? (Case #62),"High blood pressure (hypertension) can be managed naturally by eating a low-sodium DASH diet, regular aerobic exercise for 30 minutes daily, limiting alcohol consumption, avoiding smoking, managing stress, and maintaining a healthy body mass index (BMI under 25). Reference document #62 for medical inquiry.",Cardiology,Medical Journal #112
qa_00063,What is the recommended dosage for Paracetamol in adults? (Case #63),"The standard adult dosage for Paracetamol (Acetaminophen) is 500 mg to 1000 mg every 4 to 6 hours as needed, with a maximum daily limit of 4000 mg (4 grams) in 24 hours. Exceeding this can cause severe liver damage. Reference document #63 for medical inquiry.",Medications,Medical Journal #113
qa_00064,What causes sudden chest pain and when to seek emergency help? (Case #64),"Sudden chest pain can be caused by angina, myocardial infarction (heart attack), pericarditis, acid reflux, or muscle strain. If chest pain radiates to the left arm, jaw, or neck accompanied by shortness of breath, seek immediate emergency help (call 112). Reference document #64 for medical inquiry.",Cardiology,Medical Journal #114
qa_00065,What are common remedies for severe stomach ache and gastritis? (Case #65),"Stomach ache and gastritis remedies include drinking antacids, consuming ginger tea, avoiding spicy or acidic foods, drinking plenty of fluids, and eating smaller frequent meals. If stomach pain is severe or accompanied by blood in stool, consult a doctor. Reference document #65 for medical inquiry.",Gastroenterology,Medical Journal #115
qa_00066,How does Metformin work for Type 2 Diabetes treatment? (Case #66),Metformin lowers blood glucose levels by suppressing glucose production by the liver (gluconeogenesis) and increasing insulin sensitivity in peripheral tissues. Common side effects include mild nausea and stomach upset. Reference document #66 for medical inquiry.,Medications,Medical Journal #116
qa_00067,What are the side effects of Amoxicillin antibiotic? (Case #67),"Amoxicillin is a broad-spectrum penicillin antibiotic. Common side effects include nausea, vomiting, diarrhea, skin rash, and abdominal distress. Seek urgent medical care if severe allergic reactions like swelling or breathing difficulty develop. Reference document #67 for medical inquiry.",Medications,Medical Journal #117
qa_00068,How to improve sleep quality and overcome insomnia? (Case #68),"To overcome insomnia and improve sleep quality, establish a consistent sleep schedule, avoid blue light screens 1 hour before bedtime, limit caffeine intake after 2 PM, keep the bedroom cool and dark, and practice deep breathing exercises. Reference document #68 for medical inquiry.",Lifestyle,Medical Journal #118
qa_00069,What are the primary causes and treatments for asthma attacks? (Case #69),"Asthma is a chronic inflammatory airway condition triggered by allergens, cold air, exercise, or stress. Inhaled corticosteroids provide long-term control, while short-acting beta-agonists (Albuterol inhalers) act as quick rescue medications during acute bronchospasm. Reference document #69 for medical inquiry.",General Health,Medical Journal #119
qa_00070,What causes joint pain in fingers and knees? (Case #70),"Joint pain in fingers and knees is commonly caused by osteoarthritis (wear and tear of cartilage), rheumatoid arthritis (autoimmune inflammation), gout (uric acid accumulation), or tendonitis. Treatment involves NSAIDs, physical therapy, and warm compresses. Reference document #70 for medical inquiry.",General Health,Medical Journal #120
qa_00071,How to reduce high cholesterol levels through diet? (Case #71),"To lower LDL cholesterol, increase intake of soluble fiber (oats, beans, apples), eat omega-3 rich foods like salmon and flaxseeds, replace saturated fats with monounsaturated olive oil, and limit trans fats and processed meats. Reference document #71 for medical inquiry.",Lifestyle,Medical Journal #121
qa_00072,What are the warning signs of a stroke? (Case #72),"Stroke warning signs follow the FAST acronym: Face drooping, Arm weakness, Speech difficulty, Time to call emergency services. Prompt thrombolytic treatment within 3 hours significantly reduces long-term brain damage. Reference document #72 for medical inquiry.",Neurology,Medical Journal #122
qa_00073,How to treat skin rashes and itching at home? (Case #73),"Home treatment for skin rashes includes applying calamine lotion or 1% hydrocortisone cream, taking cool oatmeal baths, using fragrance-free moisturizers, and taking oral antihistamines like Cetirizine for itching relief. Reference document #73 for medical inquiry.",Dermatology,Medical Journal #123
qa_00074,What is the normal blood pressure reading for adults? (Case #74),"A normal adult blood pressure reading is less than 120/80 mmHg. Systolic pressure between 120-129 mmHg is elevated, while 130/80 mmHg or higher indicates stage 1 hypertension requiring lifestyle changes or medication. Reference document #74 for medical inquiry.",Cardiology,Medical Journal #124
qa_00075,What are the symptoms and home treatment for acidity and heartburn? (Case #75),"Heartburn presents as a burning sensation in the chest caused by stomach acid regurgitating into the esophagus. Home relief includes over-the-counter antacids, avoiding lying down immediately after meals, and elevating the head of your bed. Reference document #75 for medical inquiry.",Gastroenterology,Medical Journal #125
qa_00076,What are the early symptoms of diabetes? (Case #76),"Early symptoms of diabetes include increased thirst (polydipsia), frequent urination (polyuria), extreme hunger, weight loss, fatigue, blurred vision, and slow-healing sores. Blood sugar levels should be tested if these occur. Reference document #76 for medical inquiry.",Cardiology,Medical Journal #126
qa_00077,How to manage high blood pressure naturally? (Case #77),"High blood pressure (hypertension) can be managed naturally by eating a low-sodium DASH diet, regular aerobic exercise for 30 minutes daily, limiting alcohol consumption, avoiding smoking, managing stress, and maintaining a healthy body mass index (BMI under 25). Reference document #77 for medical inquiry.",Cardiology,Medical Journal #127
qa_00078,What is the recommended dosage for Paracetamol in adults? (Case #78),"The standard adult dosage for Paracetamol (Acetaminophen) is 500 mg to 1000 mg every 4 to 6 hours as needed, with a maximum daily limit of 4000 mg (4 grams) in 24 hours. Exceeding this can cause severe liver damage. Reference document #78 for medical inquiry.",Medications,Medical Journal #128
qa_00079,What causes sudden chest pain and when to seek emergency help? (Case #79),"Sudden chest pain can be caused by angina, myocardial infarction (heart attack), pericarditis, acid reflux, or muscle strain. If chest pain radiates to the left arm, jaw, or neck accompanied by shortness of breath, seek immediate emergency help (call 112). Reference document #79 for medical inquiry.",Cardiology,Medical Journal #129
qa_00080,What are common remedies for severe stomach ache and gastritis? (Case #80),"Stomach ache and gastritis remedies include drinking antacids, consuming ginger tea, avoiding spicy or acidic foods, drinking plenty of fluids, and eating smaller frequent meals. If stomach pain is severe or accompanied by blood in stool, consult a doctor. Reference document #80 for medical inquiry.",Gastroenterology,Medical Journal #130
qa_00081,How does Metformin work for Type 2 Diabetes treatment? (Case #81),Metformin lowers blood glucose levels by suppressing glucose production by the liver (gluconeogenesis) and increasing insulin sensitivity in peripheral tissues. Common side effects include mild nausea and stomach upset. Reference document #81 for medical inquiry.,Medications,Medical Journal #131
qa_00082,What are the side effects of Amoxicillin antibiotic? (Case #82),"Amoxicillin is a broad-spectrum penicillin antibiotic. Common side effects include nausea, vomiting, diarrhea, skin rash, and abdominal distress. Seek urgent medical care if severe allergic reactions like swelling or breathing difficulty develop. Reference document #82 for medical inquiry.",Medications,Medical Journal #132
qa_00083,How to improve sleep quality and overcome insomnia? (Case #83),"To overcome insomnia and improve sleep quality, establish a consistent sleep schedule, avoid blue light screens 1 hour before bedtime, limit caffeine intake after 2 PM, keep the bedroom cool and dark, and practice deep breathing exercises. Reference document #83 for medical inquiry.",Lifestyle,Medical Journal #133
qa_00084,What are the primary causes and treatments for asthma attacks? (Case #84),"Asthma is a chronic inflammatory airway condition triggered by allergens, cold air, exercise, or stress. Inhaled corticosteroids provide long-term control, while short-acting beta-agonists (Albuterol inhalers) act as quick rescue medications during acute bronchospasm. Reference document #84 for medical inquiry.",General Health,Medical Journal #134
qa_00085,What causes joint pain in fingers and knees? (Case #85),"Joint pain in fingers and knees is commonly caused by osteoarthritis (wear and tear of cartilage), rheumatoid arthritis (autoimmune inflammation), gout (uric acid accumulation), or tendonitis. Treatment involves NSAIDs, physical therapy, and warm compresses. Reference document #85 for medical inquiry.",General Health,Medical Journal #135
qa_00086,How to reduce high cholesterol levels through diet? (Case #86),"To lower LDL cholesterol, increase intake of soluble fiber (oats, beans, apples), eat omega-3 rich foods like salmon and flaxseeds, replace saturated fats with monounsaturated olive oil, and limit trans fats and processed meats. Reference document #86 for medical inquiry.",Lifestyle,Medical Journal #136
qa_00087,What are the warning signs of a stroke? (Case #87),"Stroke warning signs follow the FAST acronym: Face drooping, Arm weakness, Speech difficulty, Time to call emergency services. Prompt thrombolytic treatment within 3 hours significantly reduces long-term brain damage. Reference document #87 for medical inquiry.",Neurology,Medical Journal #137
qa_00088,How to treat skin rashes and itching at home? (Case #88),"Home treatment for skin rashes includes applying calamine lotion or 1% hydrocortisone cream, taking cool oatmeal baths, using fragrance-free moisturizers, and taking oral antihistamines like Cetirizine for itching relief. Reference document #88 for medical inquiry.",Dermatology,Medical Journal #138
qa_00089,What is the normal blood pressure reading for adults? (Case #89),"A normal adult blood pressure reading is less than 120/80 mmHg. Systolic pressure between 120-129 mmHg is elevated, while 130/80 mmHg or higher indicates stage 1 hypertension requiring lifestyle changes or medication. Reference document #89 for medical inquiry.",Cardiology,Medical Journal #139
qa_00090,What are the symptoms and home treatment for acidity and heartburn? (Case #90),"Heartburn presents as a burning sensation in the chest caused by stomach acid regurgitating into the esophagus. Home relief includes over-the-counter antacids, avoiding lying down immediately after meals, and elevating the head of your bed. Reference document #90 for medical inquiry.",Gastroenterology,Medical Journal #140
qa_00091,What are the early symptoms of diabetes? (Case #91),"Early symptoms of diabetes include increased thirst (polydipsia), frequent urination (polyuria), extreme hunger, weight loss, fatigue, blurred vision, and slow-healing sores. Blood sugar levels should be tested if these occur. Reference document #91 for medical inquiry.",Cardiology,Medical Journal #141
qa_00092,How to manage high blood pressure naturally? (Case #92),"High blood pressure (hypertension) can be managed naturally by eating a low-sodium DASH diet, regular aerobic exercise for 30 minutes daily, limiting alcohol consumption, avoiding smoking, managing stress, and maintaining a healthy body mass index (BMI under 25). Reference document #92 for medical inquiry.",Cardiology,Medical Journal #142
qa_00093,What is the recommended dosage for Paracetamol in adults? (Case #93),"The standard adult dosage for Paracetamol (Acetaminophen) is 500 mg to 1000 mg every 4 to 6 hours as needed, with a maximum daily limit of 4000 mg (4 grams) in 24 hours. Exceeding this can cause severe liver damage. Reference document #93 for medical inquiry.",Medications,Medical Journal #143
qa_00094,What causes sudden chest pain and when to seek emergency help? (Case #94),"Sudden chest pain can be caused by angina, myocardial infarction (heart attack), pericarditis, acid reflux, or muscle strain. If chest pain radiates to the left arm, jaw, or neck accompanied by shortness of breath, seek immediate emergency help (call 112). Reference document #94 for medical inquiry.",Cardiology,Medical Journal #144
qa_00095,What are common remedies for severe stomach ache and gastritis? (Case #95),"Stomach ache and gastritis remedies include drinking antacids, consuming ginger tea, avoiding spicy or acidic foods, drinking plenty of fluids, and eating smaller frequent meals. If stomach pain is severe or accompanied by blood in stool, consult a doctor. Reference document #95 for medical inquiry.",Gastroenterology,Medical Journal #145
qa_00096,How does Metformin work for Type 2 Diabetes treatment? (Case #96),Metformin lowers blood glucose levels by suppressing glucose production by the liver (gluconeogenesis) and increasing insulin sensitivity in peripheral tissues. Common side effects include mild nausea and stomach upset. Reference document #96 for medical inquiry.,Medications,Medical Journal #146
qa_00097,What are the side effects of Amoxicillin antibiotic? (Case #97),"Amoxicillin is a broad-spectrum penicillin antibiotic. Common side effects include nausea, vomiting, diarrhea, skin rash, and abdominal distress. Seek urgent medical care if severe allergic reactions like swelling or breathing difficulty develop. Reference document #97 for medical inquiry.",Medications,Medical Journal #147
qa_00098,How to improve sleep quality and overcome insomnia? (Case #98),"To overcome insomnia and improve sleep quality, establish a consistent sleep schedule, avoid blue light screens 1 hour before bedtime, limit caffeine intake after 2 PM, keep the bedroom cool and dark, and practice deep breathing exercises. Reference document #98 for medical inquiry.",Lifestyle,Medical Journal #148
qa_00099,What are the primary causes and treatments for asthma attacks? (Case #99),"Asthma is a chronic inflammatory airway condition triggered by allergens, cold air, exercise, or stress. Inhaled corticosteroids provide long-term control, while short-acting beta-agonists (Albuterol inhalers) act as quick rescue medications during acute bronchospasm. Reference document #99 for medical inquiry.",General Health,Medical Journal #149
qa_00100,What causes joint pain in fingers and knees? (Case #100),"Joint pain in fingers and knees is commonly caused by osteoarthritis (wear and tear of cartilage), rheumatoid arthritis (autoimmune inflammation), gout (uric acid accumulation), or tendonitis. Treatment involves NSAIDs, physical therapy, and warm compresses. Reference document #100 for medical inquiry.",General Health,Medical Journal #100
qa_00101,How to reduce high cholesterol levels through diet? (Case #101),"To lower LDL cholesterol, increase intake of soluble fiber (oats, beans, apples), eat omega-3 rich foods like salmon and flaxseeds, replace saturated fats with monounsaturated olive oil, and limit trans fats and processed meats. Reference document #101 for medical inquiry.",Lifestyle,Medical Journal #101
qa_00102,What are the warning signs of a stroke? (Case #102),"Stroke warning signs follow the FAST acronym: Face drooping, Arm weakness, Speech difficulty, Time to call emergency services. Prompt thrombolytic treatment within 3 hours significantly reduces long-term brain damage. Reference document #102 for medical inquiry.",Neurology,Medical Journal #102
qa_00103,How to treat skin rashes and itching at home? (Case #103),"Home treatment for skin rashes includes applying calamine lotion or 1% hydrocortisone cream, taking cool oatmeal baths, using fragrance-free moisturizers, and taking oral antihistamines like Cetirizine for itching relief. Reference document #103 for medical inquiry.",Dermatology,Medical Journal #103
qa_00104,What is the normal blood pressure reading for adults? (Case #104),"A normal adult blood pressure reading is less than 120/80 mmHg. Systolic pressure between 120-129 mmHg is elevated, while 130/80 mmHg or higher indicates stage 1 hypertension requiring lifestyle changes or medication. Reference document #104 for medical inquiry.",Cardiology,Medical Journal #104
qa_00105,What are the symptoms and home treatment for acidity and heartburn? (Case #105),"Heartburn presents as a burning sensation in the chest caused by stomach acid regurgitating into the esophagus. Home relief includes over-the-counter antacids, avoiding lying down immediately after meals, and elevating the head of your bed. Reference document #105 for medical inquiry.",Gastroenterology,Medical Journal #105
qa_00106,What are the early symptoms of diabetes? (Case #106),"Early symptoms of diabetes include increased thirst (polydipsia), frequent urination (polyuria), extreme hunger, weight loss, fatigue, blurred vision, and slow-healing sores. Blood sugar levels should be tested if these occur. Reference document #106 for medical inquiry.",Cardiology,Medical Journal #106
qa_00107,How to manage high blood pressure naturally? (Case #107),"High blood pressure (hypertension) can be managed naturally by eating a low-sodium DASH diet, regular aerobic exercise for 30 minutes daily, limiting alcohol consumption, avoiding smoking, managing stress, and maintaining a healthy body mass index (BMI under 25). Reference document #107 for medical inquiry.",Cardiology,Medical Journal #107
qa_00108,What is the recommended dosage for Paracetamol in adults? (Case #108),"The standard adult dosage for Paracetamol (Acetaminophen) is 500 mg to 1000 mg every 4 to 6 hours as needed, with a maximum daily limit of 4000 mg (4 grams) in 24 hours. Exceeding this can cause severe liver damage. Reference document #108 for medical inquiry.",Medications,Medical Journal #108
qa_00109,What causes sudden chest pain and when to seek emergency help? (Case #109),"Sudden chest pain can be caused by angina, myocardial infarction (heart attack), pericarditis, acid reflux, or muscle strain. If chest pain radiates to the left arm, jaw, or neck accompanied by shortness of breath, seek immediate emergency help (call 112). Reference document #109 for medical inquiry.",Cardiology,Medical Journal #109
qa_00110,What are common remedies for severe stomach ache and gastritis? (Case #110),"Stomach ache and gastritis remedies include drinking antacids, consuming ginger tea, avoiding spicy or acidic foods, drinking plenty of fluids, and eating smaller frequent meals. If stomach pain is severe or accompanied by blood in stool, consult a doctor. Reference document #110 for medical inquiry.",Gastroenterology,Medical Journal #110
qa_00111,How does Metformin work for Type 2 Diabetes treatment? (Case #111),Metformin lowers blood glucose levels by suppressing glucose production by the liver (gluconeogenesis) and increasing insulin sensitivity in peripheral tissues. Common side effects include mild nausea and stomach upset. Reference document #111 for medical inquiry.,Medications,Medical Journal #111
qa_00112,What are the side effects of Amoxicillin antibiotic? (Case #112),"Amoxicillin is a broad-spectrum penicillin antibiotic. Common side effects include nausea, vomiting, diarrhea, skin rash, and abdominal distress. Seek urgent medical care if severe allergic reactions like swelling or breathing difficulty develop. Reference document #112 for medical inquiry.",Medications,Medical Journal #112
qa_00113,How to improve sleep quality and overcome insomnia? (Case #113),"To overcome insomnia and improve sleep quality, establish a consistent sleep schedule, avoid blue light screens 1 hour before bedtime, limit caffeine intake after 2 PM, keep the bedroom cool and dark, and practice deep breathing exercises. Reference document #113 for medical inquiry.",Lifestyle,Medical Journal #113
qa_00114,What are the primary causes and treatments for asthma attacks? (Case #114),"Asthma is a chronic inflammatory airway condition triggered by allergens, cold air, exercise, or stress. Inhaled corticosteroids provide long-term control, while short-acting beta-agonists (Albuterol inhalers) act as quick rescue medications during acute bronchospasm. Reference document #114 for medical inquiry.",General Health,Medical Journal #114
qa_00115,What causes joint pain in fingers and knees? (Case #115),"Joint pain in fingers and knees is commonly caused by osteoarthritis (wear and tear of cartilage), rheumatoid arthritis (autoimmune inflammation), gout (uric acid accumulation), or tendonitis. Treatment involves NSAIDs, physical therapy, and warm compresses. Reference document #115 for medical inquiry.",General Health,Medical Journal #115
qa_00116,How to reduce high cholesterol levels through diet? (Case #116),"To lower LDL cholesterol, increase intake of soluble fiber (oats, beans, apples), eat omega-3 rich foods like salmon and flaxseeds, replace saturated fats with monounsaturated olive oil, and limit trans fats and processed meats. Reference document #116 for medical inquiry.",Lifestyle,Medical Journal #116
qa_00117,What are the warning signs of a stroke? (Case #117),"Stroke warning signs follow the FAST acronym: Face drooping, Arm weakness, Speech difficulty, Time to call emergency services. Prompt thrombolytic treatment within 3 hours significantly reduces long-term brain damage. Reference document #117 for medical inquiry.",Neurology,Medical Journal #117
qa_00118,How to treat skin rashes and itching at home? (Case #118),"Home treatment for skin rashes includes applying calamine lotion or 1% hydrocortisone cream, taking cool oatmeal baths, using fragrance-free moisturizers, and taking oral antihistamines like Cetirizine for itching relief. Reference document #118 for medical inquiry.",Dermatology,Medical Journal #118
qa_00119,What is the normal blood pressure reading for adults? (Case #119),"A normal adult blood pressure reading is less than 120/80 mmHg. Systolic pressure between 120-129 mmHg is elevated, while 130/80 mmHg or higher indicates stage 1 hypertension requiring lifestyle changes or medication. Reference document #119 for medical inquiry.",Cardiology,Medical Journal #119
qa_00120,What are the symptoms and home treatment for acidity and heartburn? (Case #120),"Heartburn presents as a burning sensation in the chest caused by stomach acid regurgitating into the esophagus. Home relief includes over-the-counter antacids, avoiding lying down immediately after meals, and elevating the head of your bed. Reference document #120 for medical inquiry.",Gastroenterology,Medical Journal #120
qa_00121,What are the early symptoms of diabetes? (Case #121),"Early symptoms of diabetes include increased thirst (polydipsia), frequent urination (polyuria), extreme hunger, weight loss, fatigue, blurred vision, and slow-healing sores. Blood sugar levels should be tested if these occur. Reference document #121 for medical inquiry.",Cardiology,Medical Journal #121
qa_00122,How to manage high blood pressure naturally? (Case #122),"High blood pressure (hypertension) can be managed naturally by eating a low-sodium DASH diet, regular aerobic exercise for 30 minutes daily, limiting alcohol consumption, avoiding smoking, managing stress, and maintaining a healthy body mass index (BMI under 25). Reference document #122 for medical inquiry.",Cardiology,Medical Journal #122
qa_00123,What is the recommended dosage for Paracetamol in adults? (Case #123),"The standard adult dosage for Paracetamol (Acetaminophen) is 500 mg to 1000 mg every 4 to 6 hours as needed, with a maximum daily limit of 4000 mg (4 grams) in 24 hours. Exceeding this can cause severe liver damage. Reference document #123 for medical inquiry.",Medications,Medical Journal #123
qa_00124,What causes sudden chest pain and when to seek emergency help? (Case #124),"Sudden chest pain can be caused by angina, myocardial infarction (heart attack), pericarditis, acid reflux, or muscle strain. If chest pain radiates to the left arm, jaw, or neck accompanied by shortness of breath, seek immediate emergency help (call 112). Reference document #124 for medical inquiry.",Cardiology,Medical Journal #124
qa_00125,What are common remedies for severe stomach ache and gastritis? (Case #125),"Stomach ache and gastritis remedies include drinking antacids, consuming ginger tea, avoiding spicy or acidic foods, drinking plenty of fluids, and eating smaller frequent meals. If stomach pain is severe or accompanied by blood in stool, consult a doctor. Reference document #125 for medical inquiry.",Gastroenterology,Medical Journal #125
qa_00126,How does Metformin work for Type 2 Diabetes treatment? (Case #126),Metformin lowers blood glucose levels by suppressing glucose production by the liver (gluconeogenesis) and increasing insulin sensitivity in peripheral tissues. Common side effects include mild nausea and stomach upset. Reference document #126 for medical inquiry.,Medications,Medical Journal #126
qa_00127,What are the side effects of Amoxicillin antibiotic? (Case #127),"Amoxicillin is a broad-spectrum penicillin antibiotic. Common side effects include nausea, vomiting, diarrhea, skin rash, and abdominal distress. Seek urgent medical care if severe allergic reactions like swelling or breathing difficulty develop. Reference document #127 for medical inquiry.",Medications,Medical Journal #127
qa_00128,How to improve sleep quality and overcome insomnia? (Case #128),"To overcome insomnia and improve sleep quality, establish a consistent sleep schedule, avoid blue light screens 1 hour before bedtime, limit caffeine intake after 2 PM, keep the bedroom cool and dark, and practice deep breathing exercises. Reference document #128 for medical inquiry.",Lifestyle,Medical Journal #128
qa_00129,What are the primary causes and treatments for asthma attacks? (Case #129),"Asthma is a chronic inflammatory airway condition triggered by allergens, cold air, exercise, or stress. Inhaled corticosteroids provide long-term control, while short-acting beta-agonists (Albuterol inhalers) act as quick rescue medications during acute bronchospasm. Reference document #129 for medical inquiry.",General Health,Medical Journal #129
qa_00130,What causes joint pain in fingers and knees? (Case #130),"Joint pain in fingers and knees is commonly caused by osteoarthritis (wear and tear of cartilage), rheumatoid arthritis (autoimmune inflammation), gout (uric acid accumulation), or tendonitis. Treatment involves NSAIDs, physical therapy, and warm compresses. Reference document #130 for medical inquiry.",General Health,Medical Journal #130
qa_00131,How to reduce high cholesterol levels through diet? (Case #131),"To lower LDL cholesterol, increase intake of soluble fiber (oats, beans, apples), eat omega-3 rich foods like salmon and flaxseeds, replace saturated fats with monounsaturated olive oil, and limit trans fats and processed meats. Reference document #131 for medical inquiry.",Lifestyle,Medical Journal #131
qa_00132,What are the warning signs of a stroke? (Case #132),"Stroke warning signs follow the FAST acronym: Face drooping, Arm weakness, Speech difficulty, Time to call emergency services. Prompt thrombolytic treatment within 3 hours significantly reduces long-term brain damage. Reference document #132 for medical inquiry.",Neurology,Medical Journal #132
qa_00133,How to treat skin rashes and itching at home? (Case #133),"Home treatment for skin rashes includes applying calamine lotion or 1% hydrocortisone cream, taking cool oatmeal baths, using fragrance-free moisturizers, and taking oral antihistamines like Cetirizine for itching relief. Reference document #133 for medical inquiry.",Dermatology,Medical Journal #133
qa_00134,What is the normal blood pressure reading for adults? (Case #134),"A normal adult blood pressure reading is less than 120/80 mmHg. Systolic pressure between 120-129 mmHg is elevated, while 130/80 mmHg or higher indicates stage 1 hypertension requiring lifestyle changes or medication. Reference document #134 for medical inquiry.",Cardiology,Medical Journal #134
qa_00135,What are the symptoms and home treatment for acidity and heartburn? (Case #135),"Heartburn presents as a burning sensation in the chest caused by stomach acid regurgitating into the esophagus. Home relief includes over-the-counter antacids, avoiding lying down immediately after meals, and elevating the head of your bed. Reference document #135 for medical inquiry.",Gastroenterology,Medical Journal #135
qa_00136,What are the early symptoms of diabetes? (Case #136),"Early symptoms of diabetes include increased thirst (polydipsia), frequent urination (polyuria), extreme hunger, weight loss, fatigue, blurred vision, and slow-healing sores. Blood sugar levels should be tested if these occur. Reference document #136 for medical inquiry.",Cardiology,Medical Journal #136
qa_00137,How to manage high blood pressure naturally? (Case #137),"High blood pressure (hypertension) can be managed naturally by eating a low-sodium DASH diet, regular aerobic exercise for 30 minutes daily, limiting alcohol consumption, avoiding smoking, managing stress, and maintaining a healthy body mass index (BMI under 25). Reference document #137 for medical inquiry.",Cardiology,Medical Journal #137
qa_00138,What is the recommended dosage for Paracetamol in adults? (Case #138),"The standard adult dosage for Paracetamol (Acetaminophen) is 500 mg to 1000 mg every 4 to 6 hours as needed, with a maximum daily limit of 4000 mg (4 grams) in 24 hours. Exceeding this can cause severe liver damage. Reference document #138 for medical inquiry.",Medications,Medical Journal #138
qa_00139,What causes sudden chest pain and when to seek emergency help? (Case #139),"Sudden chest pain can be caused by angina, myocardial infarction (heart attack), pericarditis, acid reflux, or muscle strain. If chest pain radiates to the left arm, jaw, or neck accompanied by shortness of breath, seek immediate emergency help (call 112). Reference document #139 for medical inquiry.",Cardiology,Medical Journal #139
qa_00140,What are common remedies for severe stomach ache and gastritis? (Case #140),"Stomach ache and gastritis remedies include drinking antacids, consuming ginger tea, avoiding spicy or acidic foods, drinking plenty of fluids, and eating smaller frequent meals. If stomach pain is severe or accompanied by blood in stool, consult a doctor. Reference document #140 for medical inquiry.",Gastroenterology,Medical Journal #140
qa_00141,How does Metformin work for Type 2 Diabetes treatment? (Case #141),Metformin lowers blood glucose levels by suppressing glucose production by the liver (gluconeogenesis) and increasing insulin sensitivity in peripheral tissues. Common side effects include mild nausea and stomach upset. Reference document #141 for medical inquiry.,Medications,Medical Journal #141
qa_00142,What are the side effects of Amoxicillin antibiotic? (Case #142),"Amoxicillin is a broad-spectrum penicillin antibiotic. Common side effects include nausea, vomiting, diarrhea, skin rash, and abdominal distress. Seek urgent medical care if severe allergic reactions like swelling or breathing difficulty develop. Reference document #142 for medical inquiry.",Medications,Medical Journal #142
qa_00143,How to improve sleep quality and overcome insomnia? (Case #143),"To overcome insomnia and improve sleep quality, establish a consistent sleep schedule, avoid blue light screens 1 hour before bedtime, limit caffeine intake after 2 PM, keep the bedroom cool and dark, and practice deep breathing exercises. Reference document #143 for medical inquiry.",Lifestyle,Medical Journal #143
qa_00144,What are the primary causes and treatments for asthma attacks? (Case #144),"Asthma is a chronic inflammatory airway condition triggered by allergens, cold air, exercise, or stress. Inhaled corticosteroids provide long-term control, while short-acting beta-agonists (Albuterol inhalers) act as quick rescue medications during acute bronchospasm. Reference document #144 for medical inquiry.",General Health,Medical Journal #144
qa_00145,What causes joint pain in fingers and knees? (Case #145),"Joint pain in fingers and knees is commonly caused by osteoarthritis (wear and tear of cartilage), rheumatoid arthritis (autoimmune inflammation), gout (uric acid accumulation), or tendonitis. Treatment involves NSAIDs, physical therapy, and warm compresses. Reference document #145 for medical inquiry.",General Health,Medical Journal #145
qa_00146,How to reduce high cholesterol levels through diet? (Case #146),"To lower LDL cholesterol, increase intake of soluble fiber (oats, beans, apples), eat omega-3 rich foods like salmon and flaxseeds, replace saturated fats with monounsaturated olive oil, and limit trans fats and processed meats. Reference document #146 for medical inquiry.",Lifestyle,Medical Journal #146
qa_00147,What are the warning signs of a stroke? (Case #147),"Stroke warning signs follow the FAST acronym: Face drooping, Arm weakness, Speech difficulty, Time to call emergency services. Prompt thrombolytic treatment within 3 hours significantly reduces long-term brain damage. Reference document #147 for medical inquiry.",Neurology,Medical Journal #147
qa_00148,How to treat skin rashes and itching at home? (Case #148),"Home treatment for skin rashes includes applying calamine lotion or 1% hydrocortisone cream, taking cool oatmeal baths, using fragrance-free moisturizers, and taking oral antihistamines like Cetirizine for itching relief. Reference document #148 for medical inquiry.",Dermatology,Medical Journal #148
qa_00149,What is the normal blood pressure reading for adults? (Case #149),"A normal adult blood pressure reading is less than 120/80 mmHg. Systolic pressure between 120-129 mmHg is elevated, while 130/80 mmHg or higher indicates stage 1 hypertension requiring lifestyle changes or medication. Reference document #149 for medical inquiry.",Cardiology,Medical Journal #149
qa_00150,What are the symptoms and home treatment for acidity and heartburn? (Case #150),"Heartburn presents as a burning sensation in the chest caused by stomach acid regurgitating into the esophagus. Home relief includes over-the-counter antacids, avoiding lying down immediately after meals, and elevating the head of your bed. Reference document #150 for medical inquiry.",Gastroenterology,Medical Journal #100
qa_00151,What are the early symptoms of diabetes? (Case #151),"Early symptoms of diabetes include increased thirst (polydipsia), frequent urination (polyuria), extreme hunger, weight loss, fatigue, blurred vision, and slow-healing sores. Blood sugar levels should be tested if these occur. Reference document #151 for medical inquiry.",Cardiology,Medical Journal #101
qa_00152,How to manage high blood pressure naturally? (Case #152),"High blood pressure (hypertension) can be managed naturally by eating a low-sodium DASH diet, regular aerobic exercise for 30 minutes daily, limiting alcohol consumption, avoiding smoking, managing stress, and maintaining a healthy body mass index (BMI under 25). Reference document #152 for medical inquiry.",Cardiology,Medical Journal #102
qa_00153,What is the recommended dosage for Paracetamol in adults? (Case #153),"The standard adult dosage for Paracetamol (Acetaminophen) is 500 mg to 1000 mg every 4 to 6 hours as needed, with a maximum daily limit of 4000 mg (4 grams) in 24 hours. Exceeding this can cause severe liver damage. Reference document #153 for medical inquiry.",Medications,Medical Journal #103
qa_00154,What causes sudden chest pain and when to seek emergency help? (Case #154),"Sudden chest pain can be caused by angina, myocardial infarction (heart attack), pericarditis, acid reflux, or muscle strain. If chest pain radiates to the left arm, jaw, or neck accompanied by shortness of breath, seek immediate emergency help (call 112). Reference document #154 for medical inquiry.",Cardiology,Medical Journal #104
qa_00155,What are common remedies for severe stomach ache and gastritis? (Case #155),"Stomach ache and gastritis remedies include drinking antacids, consuming ginger tea, avoiding spicy or acidic foods, drinking plenty of fluids, and eating smaller frequent meals. If stomach pain is severe or accompanied by blood in stool, consult a doctor. Reference document #155 for medical inquiry.",Gastroenterology,Medical Journal #105
qa_00156,How does Metformin work for Type 2 Diabetes treatment? (Case #156),Metformin lowers blood glucose levels by suppressing glucose production by the liver (gluconeogenesis) and increasing insulin sensitivity in peripheral tissues. Common side effects include mild nausea and stomach upset. Reference document #156 for medical inquiry.,Medications,Medical Journal #106
qa_00157,What are the side effects of Amoxicillin antibiotic? (Case #157),"Amoxicillin is a broad-spectrum penicillin antibiotic. Common side effects include nausea, vomiting, diarrhea, skin rash, and abdominal distress. Seek urgent medical care if severe allergic reactions like swelling or breathing difficulty develop. Reference document #157 for medical inquiry.",Medications,Medical Journal #107
qa_00158,How to improve sleep quality and overcome insomnia? (Case #158),"To overcome insomnia and improve sleep quality, establish a consistent sleep schedule, avoid blue light screens 1 hour before bedtime, limit caffeine intake after 2 PM, keep the bedroom cool and dark, and practice deep breathing exercises. Reference document #158 for medical inquiry.",Lifestyle,Medical Journal #108
qa_00159,What are the primary causes and treatments for asthma attacks? (Case #159),"Asthma is a chronic inflammatory airway condition triggered by allergens, cold air, exercise, or stress. Inhaled corticosteroids provide long-term control, while short-acting beta-agonists (Albuterol inhalers) act as quick rescue medications during acute bronchospasm. Reference document #159 for medical inquiry.",General Health,Medical Journal #109
qa_00160,What causes joint pain in fingers and knees? (Case #160),"Joint pain in fingers and knees is commonly caused by osteoarthritis (wear and tear of cartilage), rheumatoid arthritis (autoimmune inflammation), gout (uric acid accumulation), or tendonitis. Treatment involves NSAIDs, physical therapy, and warm compresses. Reference document #160 for medical inquiry.",General Health,Medical Journal #110
qa_00161,How to reduce high cholesterol levels through diet? (Case #161),"To lower LDL cholesterol, increase intake of soluble fiber (oats, beans, apples), eat omega-3 rich foods like salmon and flaxseeds, replace saturated fats with monounsaturated olive oil, and limit trans fats and processed meats. Reference document #161 for medical inquiry.",Lifestyle,Medical Journal #111
qa_00162,What are the warning signs of a stroke? (Case #162),"Stroke warning signs follow the FAST acronym: Face drooping, Arm weakness, Speech difficulty, Time to call emergency services. Prompt thrombolytic treatment within 3 hours significantly reduces long-term brain damage. Reference document #162 for medical inquiry.",Neurology,Medical Journal #112
qa_00163,How to treat skin rashes and itching at home? (Case #163),"Home treatment for skin rashes includes applying calamine lotion or 1% hydrocortisone cream, taking cool oatmeal baths, using fragrance-free moisturizers, and taking oral antihistamines like Cetirizine for itching relief. Reference document #163 for medical inquiry.",Dermatology,Medical Journal #113
qa_00164,What is the normal blood pressure reading for adults? (Case #164),"A normal adult blood pressure reading is less than 120/80 mmHg. Systolic pressure between 120-129 mmHg is elevated, while 130/80 mmHg or higher indicates stage 1 hypertension requiring lifestyle changes or medication. Reference document #164 for medical inquiry.",Cardiology,Medical Journal #114
qa_00165,What are the symptoms and home treatment for acidity and heartburn? (Case #165),"Heartburn presents as a burning sensation in the chest caused by stomach acid regurgitating into the esophagus. Home relief includes over-the-counter antacids, avoiding lying down immediately after meals, and elevating the head of your bed. Reference document #165 for medical inquiry.",Gastroenterology,Medical Journal #115
qa_00166,What are the early symptoms of diabetes? (Case #166),"Early symptoms of diabetes include increased thirst (polydipsia), frequent urination (polyuria), extreme hunger, weight loss, fatigue, blurred vision, and slow-healing sores. Blood sugar levels should be tested if these occur. Reference document #166 for medical inquiry.",Cardiology,Medical Journal #116
qa_00167,How to manage high blood pressure naturally? (Case #167),"High blood pressure (hypertension) can be managed naturally by eating a low-sodium DASH diet, regular aerobic exercise for 30 minutes daily, limiting alcohol consumption, avoiding smoking, managing stress, and maintaining a healthy body mass index (BMI under 25). Reference document #167 for medical inquiry.",Cardiology,Medical Journal #117
qa_00168,What is the recommended dosage for Paracetamol in adults? (Case #168),"The standard adult dosage for Paracetamol (Acetaminophen) is 500 mg to 1000 mg every 4 to 6 hours as needed, with a maximum daily limit of 4000 mg (4 grams) in 24 hours. Exceeding this can cause severe liver damage. Reference document #168 for medical inquiry.",Medications,Medical Journal #118
qa_00169,What causes sudden chest pain and when to seek emergency help? (Case #169),"Sudden chest pain can be caused by angina, myocardial infarction (heart attack), pericarditis, acid reflux, or muscle strain. If chest pain radiates to the left arm, jaw, or neck accompanied by shortness of breath, seek immediate emergency help (call 112). Reference document #169 for medical inquiry.",Cardiology,Medical Journal #119
qa_00170,What are common remedies for severe stomach ache and gastritis? (Case #170),"Stomach ache and gastritis remedies include drinking antacids, consuming ginger tea, avoiding spicy or acidic foods, drinking plenty of fluids, and eating smaller frequent meals. If stomach pain is severe or accompanied by blood in stool, consult a doctor. Reference document #170 for medical inquiry.",Gastroenterology,Medical Journal #120
qa_00171,How does Metformin work for Type 2 Diabetes treatment? (Case #171),Metformin lowers blood glucose levels by suppressing glucose production by the liver (gluconeogenesis) and increasing insulin sensitivity in peripheral tissues. Common side effects include mild nausea and stomach upset. Reference document #171 for medical inquiry.,Medications,Medical Journal #121
qa_00172,What are the side effects of Amoxicillin antibiotic? (Case #172),"Amoxicillin is a broad-spectrum penicillin antibiotic. Common side effects include nausea, vomiting, diarrhea, skin rash, and abdominal distress. Seek urgent medical care if severe allergic reactions like swelling or breathing difficulty develop. Reference document #172 for medical inquiry.",Medications,Medical Journal #122
qa_00173,How to improve sleep quality and overcome insomnia? (Case #173),"To overcome insomnia and improve sleep quality, establish a consistent sleep schedule, avoid blue light screens 1 hour before bedtime, limit caffeine intake after 2 PM, keep the bedroom cool and dark, and practice deep breathing exercises. Reference document #173 for medical inquiry.",Lifestyle,Medical Journal #123
qa_00174,What are the primary causes and treatments for asthma attacks? (Case #174),"Asthma is a chronic inflammatory airway condition triggered by allergens, cold air, exercise, or stress. Inhaled corticosteroids provide long-term control, while short-acting beta-agonists (Albuterol inhalers) act as quick rescue medications during acute bronchospasm. Reference document #174 for medical inquiry.",General Health,Medical Journal #124
qa_00175,What causes joint pain in fingers and knees? (Case #175),"Joint pain in fingers and knees is commonly caused by osteoarthritis (wear and tear of cartilage), rheumatoid arthritis (autoimmune inflammation), gout (uric acid accumulation), or tendonitis. Treatment involves NSAIDs, physical therapy, and warm compresses. Reference document #175 for medical inquiry.",General Health,Medical Journal #125
qa_00176,How to reduce high cholesterol levels through diet? (Case #176),"To lower LDL cholesterol, increase intake of soluble fiber (oats, beans, apples), eat omega-3 rich foods like salmon and flaxseeds, replace saturated fats with monounsaturated olive oil, and limit trans fats and processed meats. Reference document #176 for medical inquiry.",Lifestyle,Medical Journal #126
qa_00177,What are the warning signs of a stroke? (Case #177),"Stroke warning signs follow the FAST acronym: Face drooping, Arm weakness, Speech difficulty, Time to call emergency services. Prompt thrombolytic treatment within 3 hours significantly reduces long-term brain damage. Reference document #177 for medical inquiry.",Neurology,Medical Journal #127
qa_00178,How to treat skin rashes and itching at home? (Case #178),"Home treatment for skin rashes includes applying calamine lotion or 1% hydrocortisone cream, taking cool oatmeal baths, using fragrance-free moisturizers, and taking oral antihistamines like Cetirizine for itching relief. Reference document #178 for medical inquiry.",Dermatology,Medical Journal #128
qa_00179,What is the normal blood pressure reading for adults? (Case #179),"A normal adult blood pressure reading is less than 120/80 mmHg. Systolic pressure between 120-129 mmHg is elevated, while 130/80 mmHg or higher indicates stage 1 hypertension requiring lifestyle changes or medication. Reference document #179 for medical inquiry.",Cardiology,Medical Journal #129
qa_00180,What are the symptoms and home treatment for acidity and heartburn? (Case #180),"Heartburn presents as a burning sensation in the chest caused by stomach acid regurgitating into the esophagus. Home relief includes over-the-counter antacids, avoiding lying down immediately after meals, and elevating the head of your bed. Reference document #180 for medical inquiry.",Gastroenterology,Medical Journal #130
qa_00181,What are the early symptoms of diabetes? (Case #181),"Early symptoms of diabetes include increased thirst (polydipsia), frequent urination (polyuria), extreme hunger, weight loss, fatigue, blurred vision, and slow-healing sores. Blood sugar levels should be tested if these occur. Reference document #181 for medical inquiry.",Cardiology,Medical Journal #131
qa_00182,How to manage high blood pressure naturally? (Case #182),"High blood pressure (hypertension) can be managed naturally by eating a low-sodium DASH diet, regular aerobic exercise for 30 minutes daily, limiting alcohol consumption, avoiding smoking, managing stress, and maintaining a healthy body mass index (BMI under 25). Reference document #182 for medical inquiry.",Cardiology,Medical Journal #132
qa_00183,What is the recommended dosage for Paracetamol in adults? (Case #183),"The standard adult dosage for Paracetamol (Acetaminophen) is 500 mg to 1000 mg every 4 to 6 hours as needed, with a maximum daily limit of 4000 mg (4 grams) in 24 hours. Exceeding this can cause severe liver damage. Reference document #183 for medical inquiry.",Medications,Medical Journal #133
qa_00184,What causes sudden chest pain and when to seek emergency help? (Case #184),"Sudden chest pain can be caused by angina, myocardial infarction (heart attack), pericarditis, acid reflux, or muscle strain. If chest pain radiates to the left arm, jaw, or neck accompanied by shortness of breath, seek immediate emergency help (call 112). Reference document #184 for medical inquiry.",Cardiology,Medical Journal #134
qa_00185,What are common remedies for severe stomach ache and gastritis? (Case #185),"Stomach ache and gastritis remedies include drinking antacids, consuming ginger tea, avoiding spicy or acidic foods, drinking plenty of fluids, and eating smaller frequent meals. If stomach pain is severe or accompanied by blood in stool, consult a doctor. Reference document #185 for medical inquiry.",Gastroenterology,Medical Journal #135
qa_00186,How does Metformin work for Type 2 Diabetes treatment? (Case #186),Metformin lowers blood glucose levels by suppressing glucose production by the liver (gluconeogenesis) and increasing insulin sensitivity in peripheral tissues. Common side effects include mild nausea and stomach upset. Reference document #186 for medical inquiry.,Medications,Medical Journal #136
qa_00187,What are the side effects of Amoxicillin antibiotic? (Case #187),"Amoxicillin is a broad-spectrum penicillin antibiotic. Common side effects include nausea, vomiting, diarrhea, skin rash, and abdominal distress. Seek urgent medical care if severe allergic reactions like swelling or breathing difficulty develop. Reference document #187 for medical inquiry.",Medications,Medical Journal #137
qa_00188,How to improve sleep quality and overcome insomnia? (Case #188),"To overcome insomnia and improve sleep quality, establish a consistent sleep schedule, avoid blue light screens 1 hour before bedtime, limit caffeine intake after 2 PM, keep the bedroom cool and dark, and practice deep breathing exercises. Reference document #188 for medical inquiry.",Lifestyle,Medical Journal #138
qa_00189,What are the primary causes and treatments for asthma attacks? (Case #189),"Asthma is a chronic inflammatory airway condition triggered by allergens, cold air, exercise, or stress. Inhaled corticosteroids provide long-term control, while short-acting beta-agonists (Albuterol inhalers) act as quick rescue medications during acute bronchospasm. Reference document #189 for medical inquiry.",General Health,Medical Journal #139
qa_00190,What causes joint pain in fingers and knees? (Case #190),"Joint pain in fingers and knees is commonly caused by osteoarthritis (wear and tear of cartilage), rheumatoid arthritis (autoimmune inflammation), gout (uric acid accumulation), or tendonitis. Treatment involves NSAIDs, physical therapy, and warm compresses. Reference document #190 for medical inquiry.",General Health,Medical Journal #140
qa_00191,How to reduce high cholesterol levels through diet? (Case #191),"To lower LDL cholesterol, increase intake of soluble fiber (oats, beans, apples), eat omega-3 rich foods like salmon and flaxseeds, replace saturated fats with monounsaturated olive oil, and limit trans fats and processed meats. Reference document #191 for medical inquiry.",Lifestyle,Medical Journal #141
qa_00192,What are the warning signs of a stroke? (Case #192),"Stroke warning signs follow the FAST acronym: Face drooping, Arm weakness, Speech difficulty, Time to call emergency services. Prompt thrombolytic treatment within 3 hours significantly reduces long-term brain damage. Reference document #192 for medical inquiry.",Neurology,Medical Journal #142
qa_00193,How to treat skin rashes and itching at home? (Case #193),"Home treatment for skin rashes includes applying calamine lotion or 1% hydrocortisone cream, taking cool oatmeal baths, using fragrance-free moisturizers, and taking oral antihistamines like Cetirizine for itching relief. Reference document #193 for medical inquiry.",Dermatology,Medical Journal #143
qa_00194,What is the normal blood pressure reading for adults? (Case #194),"A normal adult blood pressure reading is less than 120/80 mmHg. Systolic pressure between 120-129 mmHg is elevated, while 130/80 mmHg or higher indicates stage 1 hypertension requiring lifestyle changes or medication. Reference document #194 for medical inquiry.",Cardiology,Medical Journal #144
qa_00195,What are the symptoms and home treatment for acidity and heartburn? (Case #195),"Heartburn presents as a burning sensation in the chest caused by stomach acid regurgitating into the esophagus. Home relief includes over-the-counter antacids, avoiding lying down immediately after meals, and elevating the head of your bed. Reference document #195 for medical inquiry.",Gastroenterology,Medical Journal #145
qa_00196,What are the early symptoms of diabetes? (Case #196),"Early symptoms of diabetes include increased thirst (polydipsia), frequent urination (polyuria), extreme hunger, weight loss, fatigue, blurred vision, and slow-healing sores. Blood sugar levels should be tested if these occur. Reference document #196 for medical inquiry.",Cardiology,Medical Journal #146
qa_00197,How to manage high blood pressure naturally? (Case #197),"High blood pressure (hypertension) can be managed naturally by eating a low-sodium DASH diet, regular aerobic exercise for 30 minutes daily, limiting alcohol consumption, avoiding smoking, managing stress, and maintaining a healthy body mass index (BMI under 25). Reference document #197 for medical inquiry.",Cardiology,Medical Journal #147
qa_00198,What is the recommended dosage for Paracetamol in adults? (Case #198),"The standard adult dosage for Paracetamol (Acetaminophen) is 500 mg to 1000 mg every 4 to 6 hours as needed, with a maximum daily limit of 4000 mg (4 grams) in 24 hours. Exceeding this can cause severe liver damage. Reference document #198 for medical inquiry.",Medications,Medical Journal #148
qa_00199,What causes sudden chest pain and when to seek emergency help? (Case #199),"Sudden chest pain can be caused by angina, myocardial infarction (heart attack), pericarditis, acid reflux, or muscle strain. If chest pain radiates to the left arm, jaw, or neck accompanied by shortness of breath, seek immediate emergency help (call 112). Reference document #199 for medical inquiry.",Cardiology,Medical Journal #149
qa_00200,What are common remedies for severe stomach ache and gastritis? (Case #200),"Stomach ache and gastritis remedies include drinking antacids, consuming ginger tea, avoiding spicy or acidic foods, drinking plenty of fluids, and eating smaller frequent meals. If stomach pain is severe or accompanied by blood in stool, consult a doctor. Reference document #200 for medical inquiry.",Gastroenterology,Medical Journal #100
qa_00201,How does Metformin work for Type 2 Diabetes treatment? (Case #201),Metformin lowers blood glucose levels by suppressing glucose production by the liver (gluconeogenesis) and increasing insulin sensitivity in peripheral tissues. Common side effects include mild nausea and stomach upset. Reference document #201 for medical inquiry.,Medications,Medical Journal #101
qa_00202,What are the side effects of Amoxicillin antibiotic? (Case #202),"Amoxicillin is a broad-spectrum penicillin antibiotic. Common side effects include nausea, vomiting, diarrhea, skin rash, and abdominal distress. Seek urgent medical care if severe allergic reactions like swelling or breathing difficulty develop. Reference document #202 for medical inquiry.",Medications,Medical Journal #102
qa_00203,How to improve sleep quality and overcome insomnia? (Case #203),"To overcome insomnia and improve sleep quality, establish a consistent sleep schedule, avoid blue light screens 1 hour before bedtime, limit caffeine intake after 2 PM, keep the bedroom cool and dark, and practice deep breathing exercises. Reference document #203 for medical inquiry.",Lifestyle,Medical Journal #103
qa_00204,What are the primary causes and treatments for asthma attacks? (Case #204),"Asthma is a chronic inflammatory airway condition triggered by allergens, cold air, exercise, or stress. Inhaled corticosteroids provide long-term control, while short-acting beta-agonists (Albuterol inhalers) act as quick rescue medications during acute bronchospasm. Reference document #204 for medical inquiry.",General Health,Medical Journal #104
qa_00205,What causes joint pain in fingers and knees? (Case #205),"Joint pain in fingers and knees is commonly caused by osteoarthritis (wear and tear of cartilage), rheumatoid arthritis (autoimmune inflammation), gout (uric acid accumulation), or tendonitis. Treatment involves NSAIDs, physical therapy, and warm compresses. Reference document #205 for medical inquiry.",General Health,Medical Journal #105
qa_00206,How to reduce high cholesterol levels through diet? (Case #206),"To lower LDL cholesterol, increase intake of soluble fiber (oats, beans, apples), eat omega-3 rich foods like salmon and flaxseeds, replace saturated fats with monounsaturated olive oil, and limit trans fats and processed meats. Reference document #206 for medical inquiry.",Lifestyle,Medical Journal #106
qa_00207,What are the warning signs of a stroke? (Case #207),"Stroke warning signs follow the FAST acronym: Face drooping, Arm weakness, Speech difficulty, Time to call emergency services. Prompt thrombolytic treatment within 3 hours significantly reduces long-term brain damage. Reference document #207 for medical inquiry.",Neurology,Medical Journal #107
qa_00208,How to treat skin rashes and itching at home? (Case #208),"Home treatment for skin rashes includes applying calamine lotion or 1% hydrocortisone cream, taking cool oatmeal baths, using fragrance-free moisturizers, and taking oral antihistamines like Cetirizine for itching relief. Reference document #208 for medical inquiry.",Dermatology,Medical Journal #108
qa_00209,What is the normal blood pressure reading for adults? (Case #209),"A normal adult blood pressure reading is less than 120/80 mmHg. Systolic pressure between 120-129 mmHg is elevated, while 130/80 mmHg or higher indicates stage 1 hypertension requiring lifestyle changes or medication. Reference document #209 for medical inquiry.",Cardiology,Medical Journal #109
qa_00210,What are the symptoms and home treatment for acidity and heartburn? (Case #210),"Heartburn presents as a burning sensation in the chest caused by stomach acid regurgitating into the esophagus. Home relief includes over-the-counter antacids, avoiding lying down immediately after meals, and elevating the head of your bed. Reference document #210 for medical inquiry.",Gastroenterology,Medical Journal #110
qa_00211,What are the early symptoms of diabetes? (Case #211),"Early symptoms of diabetes include increased thirst (polydipsia), frequent urination (polyuria), extreme hunger, weight loss, fatigue, blurred vision, and slow-healing sores. Blood sugar levels should be tested if these occur. Reference document #211 for medical inquiry.",Cardiology,Medical Journal #111
qa_00212,How to manage high blood pressure naturally? (Case #212),"High blood pressure (hypertension) can be managed naturally by eating a low-sodium DASH diet, regular aerobic exercise for 30 minutes daily, limiting alcohol consumption, avoiding smoking, managing stress, and maintaining a healthy body mass index (BMI under 25). Reference document #212 for medical inquiry.",Cardiology,Medical Journal #112
qa_00213,What is the recommended dosage for Paracetamol in adults? (Case #213),"The standard adult dosage for Paracetamol (Acetaminophen) is 500 mg to 1000 mg every 4 to 6 hours as needed, with a maximum daily limit of 4000 mg (4 grams) in 24 hours. Exceeding this can cause severe liver damage. Reference document #213 for medical inquiry.",Medications,Medical Journal #113
qa_00214,What causes sudden chest pain and when to seek emergency help? (Case #214),"Sudden chest pain can be caused by angina, myocardial infarction (heart attack), pericarditis, acid reflux, or muscle strain. If chest pain radiates to the left arm, jaw, or neck accompanied by shortness of breath, seek immediate emergency help (call 112). Reference document #214 for medical inquiry.",Cardiology,Medical Journal #114
qa_00215,What are common remedies for severe stomach ache and gastritis? (Case #215),"Stomach ache and gastritis remedies include drinking antacids, consuming ginger tea, avoiding spicy or acidic foods, drinking plenty of fluids, and eating smaller frequent meals. If stomach pain is severe or accompanied by blood in stool, consult a doctor. Reference document #215 for medical inquiry.",Gastroenterology,Medical Journal #115
qa_00216,How does Metformin work for Type 2 Diabetes treatment? (Case #216),Metformin lowers blood glucose levels by suppressing glucose production by the liver (gluconeogenesis) and increasing insulin sensitivity in peripheral tissues. Common side effects include mild nausea and stomach upset. Reference document #216 for medical inquiry.,Medications,Medical Journal #116
qa_00217,What are the side effects of Amoxicillin antibiotic? (Case #217),"Amoxicillin is a broad-spectrum penicillin antibiotic. Common side effects include nausea, vomiting, diarrhea, skin rash, and abdominal distress. Seek urgent medical care if severe allergic reactions like swelling or breathing difficulty develop. Reference document #217 for medical inquiry.",Medications,Medical Journal #117
qa_00218,How to improve sleep quality and overcome insomnia? (Case #218),"To overcome insomnia and improve sleep quality, establish a consistent sleep schedule, avoid blue light screens 1 hour before bedtime, limit caffeine intake after 2 PM, keep the bedroom cool and dark, and practice deep breathing exercises. Reference document #218 for medical inquiry.",Lifestyle,Medical Journal #118
qa_00219,What are the primary causes and treatments for asthma attacks? (Case #219),"Asthma is a chronic inflammatory airway condition triggered by allergens, cold air, exercise, or stress. Inhaled corticosteroids provide long-term control, while short-acting beta-agonists (Albuterol inhalers) act as quick rescue medications during acute bronchospasm. Reference document #219 for medical inquiry.",General Health,Medical Journal #119
qa_00220,What causes joint pain in fingers and knees? (Case #220),"Joint pain in fingers and knees is commonly caused by osteoarthritis (wear and tear of cartilage), rheumatoid arthritis (autoimmune inflammation), gout (uric acid accumulation), or tendonitis. Treatment involves NSAIDs, physical therapy, and warm compresses. Reference document #220 for medical inquiry.",General Health,Medical Journal #120
qa_00221,How to reduce high cholesterol levels through diet? (Case #221),"To lower LDL cholesterol, increase intake of soluble fiber (oats, beans, apples), eat omega-3 rich foods like salmon and flaxseeds, replace saturated fats with monounsaturated olive oil, and limit trans fats and processed meats. Reference document #221 for medical inquiry.",Lifestyle,Medical Journal #121
qa_00222,What are the warning signs of a stroke? (Case #222),"Stroke warning signs follow the FAST acronym: Face drooping, Arm weakness, Speech difficulty, Time to call emergency services. Prompt thrombolytic treatment within 3 hours significantly reduces long-term brain damage. Reference document #222 for medical inquiry.",Neurology,Medical Journal #122
qa_00223,How to treat skin rashes and itching at home? (Case #223),"Home treatment for skin rashes includes applying calamine lotion or 1% hydrocortisone cream, taking cool oatmeal baths, using fragrance-free moisturizers, and taking oral antihistamines like Cetirizine for itching relief. Reference document #223 for medical inquiry.",Dermatology,Medical Journal #123
qa_00224,What is the normal blood pressure reading for adults? (Case #224),"A normal adult blood pressure reading is less than 120/80 mmHg. Systolic pressure between 120-129 mmHg is elevated, while 130/80 mmHg or higher indicates stage 1 hypertension requiring lifestyle changes or medication. Reference document #224 for medical inquiry.",Cardiology,Medical Journal #124
qa_00225,What are the symptoms and home treatment for acidity and heartburn? (Case #225),"Heartburn presents as a burning sensation in the chest caused by stomach acid regurgitating into the esophagus. Home relief includes over-the-counter antacids, avoiding lying down immediately after meals, and elevating the head of your bed. Reference document #225 for medical inquiry.",Gastroenterology,Medical Journal #125
qa_00226,What are the early symptoms of diabetes? (Case #226),"Early symptoms of diabetes include increased thirst (polydipsia), frequent urination (polyuria), extreme hunger, weight loss, fatigue, blurred vision, and slow-healing sores. Blood sugar levels should be tested if these occur. Reference document #226 for medical inquiry.",Cardiology,Medical Journal #126
qa_00227,How to manage high blood pressure naturally? (Case #227),"High blood pressure (hypertension) can be managed naturally by eating a low-sodium DASH diet, regular aerobic exercise for 30 minutes daily, limiting alcohol consumption, avoiding smoking, managing stress, and maintaining a healthy body mass index (BMI under 25). Reference document #227 for medical inquiry.",Cardiology,Medical Journal #127
qa_00228,What is the recommended dosage for Paracetamol in adults? (Case #228),"The standard adult dosage for Paracetamol (Acetaminophen) is 500 mg to 1000 mg every 4 to 6 hours as needed, with a maximum daily limit of 4000 mg (4 grams) in 24 hours. Exceeding this can cause severe liver damage. Reference document #228 for medical inquiry.",Medications,Medical Journal #128
qa_00229,What causes sudden chest pain and when to seek emergency help? (Case #229),"Sudden chest pain can be caused by angina, myocardial infarction (heart attack), pericarditis, acid reflux, or muscle strain. If chest pain radiates to the left arm, jaw, or neck accompanied by shortness of breath, seek immediate emergency help (call 112). Reference document #229 for medical inquiry.",Cardiology,Medical Journal #129
qa_00230,What are common remedies for severe stomach ache and gastritis? (Case #230),"Stomach ache and gastritis remedies include drinking antacids, consuming ginger tea, avoiding spicy or acidic foods, drinking plenty of fluids, and eating smaller frequent meals. If stomach pain is severe or accompanied by blood in stool, consult a doctor. Reference document #230 for medical inquiry.",Gastroenterology,Medical Journal #130
qa_00231,How does Metformin work for Type 2 Diabetes treatment? (Case #231),Metformin lowers blood glucose levels by suppressing glucose production by the liver (gluconeogenesis) and increasing insulin sensitivity in peripheral tissues. Common side effects include mild nausea and stomach upset. Reference document #231 for medical inquiry.,Medications,Medical Journal #131
qa_00232,What are the side effects of Amoxicillin antibiotic? (Case #232),"Amoxicillin is a broad-spectrum penicillin antibiotic. Common side effects include nausea, vomiting, diarrhea, skin rash, and abdominal distress. Seek urgent medical care if severe allergic reactions like swelling or breathing difficulty develop. Reference document #232 for medical inquiry.",Medications,Medical Journal #132
qa_00233,How to improve sleep quality and overcome insomnia? (Case #233),"To overcome insomnia and improve sleep quality, establish a consistent sleep schedule, avoid blue light screens 1 hour before bedtime, limit caffeine intake after 2 PM, keep the bedroom cool and dark, and practice deep breathing exercises. Reference document #233 for medical inquiry.",Lifestyle,Medical Journal #133
qa_00234,What are the primary causes and treatments for asthma attacks? (Case #234),"Asthma is a chronic inflammatory airway condition triggered by allergens, cold air, exercise, or stress. Inhaled corticosteroids provide long-term control, while short-acting beta-agonists (Albuterol inhalers) act as quick rescue medications during acute bronchospasm. Reference document #234 for medical inquiry.",General Health,Medical Journal #134
qa_00235,What causes joint pain in fingers and knees? (Case #235),"Joint pain in fingers and knees is commonly caused by osteoarthritis (wear and tear of cartilage), rheumatoid arthritis (autoimmune inflammation), gout (uric acid accumulation), or tendonitis. Treatment involves NSAIDs, physical therapy, and warm compresses. Reference document #235 for medical inquiry.",General Health,Medical Journal #135
qa_00236,How to reduce high cholesterol levels through diet? (Case #236),"To lower LDL cholesterol, increase intake of soluble fiber (oats, beans, apples), eat omega-3 rich foods like salmon and flaxseeds, replace saturated fats with monounsaturated olive oil, and limit trans fats and processed meats. Reference document #236 for medical inquiry.",Lifestyle,Medical Journal #136
qa_00237,What are the warning signs of a stroke? (Case #237),"Stroke warning signs follow the FAST acronym: Face drooping, Arm weakness, Speech difficulty, Time to call emergency services. Prompt thrombolytic treatment within 3 hours significantly reduces long-term brain damage. Reference document #237 for medical inquiry.",Neurology,Medical Journal #137
qa_00238,How to treat skin rashes and itching at home? (Case #238),"Home treatment for skin rashes includes applying calamine lotion or 1% hydrocortisone cream, taking cool oatmeal baths, using fragrance-free moisturizers, and taking oral antihistamines like Cetirizine for itching relief. Reference document #238 for medical inquiry.",Dermatology,Medical Journal #138
qa_00239,What is the normal blood pressure reading for adults? (Case #239),"A normal adult blood pressure reading is less than 120/80 mmHg. Systolic pressure between 120-129 mmHg is elevated, while 130/80 mmHg or higher indicates stage 1 hypertension requiring lifestyle changes or medication. Reference document #239 for medical inquiry.",Cardiology,Medical Journal #139
qa_00240,What are the symptoms and home treatment for acidity and heartburn? (Case #240),"Heartburn presents as a burning sensation in the chest caused by stomach acid regurgitating into the esophagus. Home relief includes over-the-counter antacids, avoiding lying down immediately after meals, and elevating the head of your bed. Reference document #240 for medical inquiry.",Gastroenterology,Medical Journal #140
qa_00241,What are the early symptoms of diabetes? (Case #241),"Early symptoms of diabetes include increased thirst (polydipsia), frequent urination (polyuria), extreme hunger, weight loss, fatigue, blurred vision, and slow-healing sores. Blood sugar levels should be tested if these occur. Reference document #241 for medical inquiry.",Cardiology,Medical Journal #141
qa_00242,How to manage high blood pressure naturally? (Case #242),"High blood pressure (hypertension) can be managed naturally by eating a low-sodium DASH diet, regular aerobic exercise for 30 minutes daily, limiting alcohol consumption, avoiding smoking, managing stress, and maintaining a healthy body mass index (BMI under 25). Reference document #242 for medical inquiry.",Cardiology,Medical Journal #142
qa_00243,What is the recommended dosage for Paracetamol in adults? (Case #243),"The standard adult dosage for Paracetamol (Acetaminophen) is 500 mg to 1000 mg every 4 to 6 hours as needed, with a maximum daily limit of 4000 mg (4 grams) in 24 hours. Exceeding this can cause severe liver damage. Reference document #243 for medical inquiry.",Medications,Medical Journal #143
qa_00244,What causes sudden chest pain and when to seek emergency help? (Case #244),"Sudden chest pain can be caused by angina, myocardial infarction (heart attack), pericarditis, acid reflux, or muscle strain. If chest pain radiates to the left arm, jaw, or neck accompanied by shortness of breath, seek immediate emergency help (call 112). Reference document #244 for medical inquiry.",Cardiology,Medical Journal #144
qa_00245,What are common remedies for severe stomach ache and gastritis? (Case #245),"Stomach ache and gastritis remedies include drinking antacids, consuming ginger tea, avoiding spicy or acidic foods, drinking plenty of fluids, and eating smaller frequent meals. If stomach pain is severe or accompanied by blood in stool, consult a doctor. Reference document #245 for medical inquiry.",Gastroenterology,Medical Journal #145
qa_00246,How does Metformin work for Type 2 Diabetes treatment? (Case #246),Metformin lowers blood glucose levels by suppressing glucose production by the liver (gluconeogenesis) and increasing insulin sensitivity in peripheral tissues. Common side effects include mild nausea and stomach upset. Reference document #246 for medical inquiry.,Medications,Medical Journal #146
qa_00247,What are the side effects of Amoxicillin antibiotic? (Case #247),"Amoxicillin is a broad-spectrum penicillin antibiotic. Common side effects include nausea, vomiting, diarrhea, skin rash, and abdominal distress. Seek urgent medical care if severe allergic reactions like swelling or breathing difficulty develop. Reference document #247 for medical inquiry.",Medications,Medical Journal #147
qa_00248,How to improve sleep quality and overcome insomnia? (Case #248),"To overcome insomnia and improve sleep quality, establish a consistent sleep schedule, avoid blue light screens 1 hour before bedtime, limit caffeine intake after 2 PM, keep the bedroom cool and dark, and practice deep breathing exercises. Reference document #248 for medical inquiry.",Lifestyle,Medical Journal #148
qa_00249,What are the primary causes and treatments for asthma attacks? (Case #249),"Asthma is a chronic inflammatory airway condition triggered by allergens, cold air, exercise, or stress. Inhaled corticosteroids provide long-term control, while short-acting beta-agonists (Albuterol inhalers) act as quick rescue medications during acute bronchospasm. Reference document #249 for medical inquiry.",General Health,Medical Journal #149
qa_00250,What causes joint pain in fingers and knees? (Case #250),"Joint pain in fingers and knees is commonly caused by osteoarthritis (wear and tear of cartilage), rheumatoid arthritis (autoimmune inflammation), gout (uric acid accumulation), or tendonitis. Treatment involves NSAIDs, physical therapy, and warm compresses. Reference document #250 for medical inquiry.",General Health,Medical Journal #100
qa_00251,How to reduce high cholesterol levels through diet? (Case #251),"To lower LDL cholesterol, increase intake of soluble fiber (oats, beans, apples), eat omega-3 rich foods like salmon and flaxseeds, replace saturated fats with monounsaturated olive oil, and limit trans fats and processed meats. Reference document #251 for medical inquiry.",Lifestyle,Medical Journal #101
qa_00252,What are the warning signs of a stroke? (Case #252),"Stroke warning signs follow the FAST acronym: Face drooping, Arm weakness, Speech difficulty, Time to call emergency services. Prompt thrombolytic treatment within 3 hours significantly reduces long-term brain damage. Reference document #252 for medical inquiry.",Neurology,Medical Journal #102
qa_00253,How to treat skin rashes and itching at home? (Case #253),"Home treatment for skin rashes includes applying calamine lotion or 1% hydrocortisone cream, taking cool oatmeal baths, using fragrance-free moisturizers, and taking oral antihistamines like Cetirizine for itching relief. Reference document #253 for medical inquiry.",Dermatology,Medical Journal #103
qa_00254,What is the normal blood pressure reading for adults? (Case #254),"A normal adult blood pressure reading is less than 120/80 mmHg. Systolic pressure between 120-129 mmHg is elevated, while 130/80 mmHg or higher indicates stage 1 hypertension requiring lifestyle changes or medication. Reference document #254 for medical inquiry.",Cardiology,Medical Journal #104
qa_00255,What are the symptoms and home treatment for acidity and heartburn? (Case #255),"Heartburn presents as a burning sensation in the chest caused by stomach acid regurgitating into the esophagus. Home relief includes over-the-counter antacids, avoiding lying down immediately after meals, and elevating the head of your bed. Reference document #255 for medical inquiry.",Gastroenterology,Medical Journal #105
qa_00256,What are the early symptoms of diabetes? (Case #256),"Early symptoms of diabetes include increased thirst (polydipsia), frequent urination (polyuria), extreme hunger, weight loss, fatigue, blurred vision, and slow-healing sores. Blood sugar levels should be tested if these occur. Reference document #256 for medical inquiry.",Cardiology,Medical Journal #106
qa_00257,How to manage high blood pressure naturally? (Case #257),"High blood pressure (hypertension) can be managed naturally by eating a low-sodium DASH diet, regular aerobic exercise for 30 minutes daily, limiting alcohol consumption, avoiding smoking, managing stress, and maintaining a healthy body mass index (BMI under 25). Reference document #257 for medical inquiry.",Cardiology,Medical Journal #107
qa_00258,What is the recommended dosage for Paracetamol in adults? (Case #258),"The standard adult dosage for Paracetamol (Acetaminophen) is 500 mg to 1000 mg every 4 to 6 hours as needed, with a maximum daily limit of 4000 mg (4 grams) in 24 hours. Exceeding this can cause severe liver damage. Reference document #258 for medical inquiry.",Medications,Medical Journal #108
qa_00259,What causes sudden chest pain and when to seek emergency help? (Case #259),"Sudden chest pain can be caused by angina, myocardial infarction (heart attack), pericarditis, acid reflux, or muscle strain. If chest pain radiates to the left arm, jaw, or neck accompanied by shortness of breath, seek immediate emergency help (call 112). Reference document #259 for medical inquiry.",Cardiology,Medical Journal #109
qa_00260,What are common remedies for severe stomach ache and gastritis? (Case #260),"Stomach ache and gastritis remedies include drinking antacids, consuming ginger tea, avoiding spicy or acidic foods, drinking plenty of fluids, and eating smaller frequent meals. If stomach pain is severe or accompanied by blood in stool, consult a doctor. Reference document #260 for medical inquiry.",Gastroenterology,Medical Journal #110
qa_00261,How does Metformin work for Type 2 Diabetes treatment? (Case #261),Metformin lowers blood glucose levels by suppressing glucose production by the liver (gluconeogenesis) and increasing insulin sensitivity in peripheral tissues. Common side effects include mild nausea and stomach upset. Reference document #261 for medical inquiry.,Medications,Medical Journal #111
qa_00262,What are the side effects of Amoxicillin antibiotic? (Case #262),"Amoxicillin is a broad-spectrum penicillin antibiotic. Common side effects include nausea, vomiting, diarrhea, skin rash, and abdominal distress. Seek urgent medical care if severe allergic reactions like swelling or breathing difficulty develop. Reference document #262 for medical inquiry.",Medications,Medical Journal #112
qa_00263,How to improve sleep quality and overcome insomnia? (Case #263),"To overcome insomnia and improve sleep quality, establish a consistent sleep schedule, avoid blue light screens 1 hour before bedtime, limit caffeine intake after 2 PM, keep the bedroom cool and dark, and practice deep breathing exercises. Reference document #263 for medical inquiry.",Lifestyle,Medical Journal #113
qa_00264,What are the primary causes and treatments for asthma attacks? (Case #264),"Asthma is a chronic inflammatory airway condition triggered by allergens, cold air, exercise, or stress. Inhaled corticosteroids provide long-term control, while short-acting beta-agonists (Albuterol inhalers) act as quick rescue medications during acute bronchospasm. Reference document #264 for medical inquiry.",General Health,Medical Journal #114
qa_00265,What causes joint pain in fingers and knees? (Case #265),"Joint pain in fingers and knees is commonly caused by osteoarthritis (wear and tear of cartilage), rheumatoid arthritis (autoimmune inflammation), gout (uric acid accumulation), or tendonitis. Treatment involves NSAIDs, physical therapy, and warm compresses. Reference document #265 for medical inquiry.",General Health,Medical Journal #115
qa_00266,How to reduce high cholesterol levels through diet? (Case #266),"To lower LDL cholesterol, increase intake of soluble fiber (oats, beans, apples), eat omega-3 rich foods like salmon and flaxseeds, replace saturated fats with monounsaturated olive oil, and limit trans fats and processed meats. Reference document #266 for medical inquiry.",Lifestyle,Medical Journal #116
qa_00267,What are the warning signs of a stroke? (Case #267),"Stroke warning signs follow the FAST acronym: Face drooping, Arm weakness, Speech difficulty, Time to call emergency services. Prompt thrombolytic treatment within 3 hours significantly reduces long-term brain damage. Reference document #267 for medical inquiry.",Neurology,Medical Journal #117
qa_00268,How to treat skin rashes and itching at home? (Case #268),"Home treatment for skin rashes includes applying calamine lotion or 1% hydrocortisone cream, taking cool oatmeal baths, using fragrance-free moisturizers, and taking oral antihistamines like Cetirizine for itching relief. Reference document #268 for medical inquiry.",Dermatology,Medical Journal #118
qa_00269,What is the normal blood pressure reading for adults? (Case #269),"A normal adult blood pressure reading is less than 120/80 mmHg. Systolic pressure between 120-129 mmHg is elevated, while 130/80 mmHg or higher indicates stage 1 hypertension requiring lifestyle changes or medication. Reference document #269 for medical inquiry.",Cardiology,Medical Journal #119
qa_00270,What are the symptoms and home treatment for acidity and heartburn? (Case #270),"Heartburn presents as a burning sensation in the chest caused by stomach acid regurgitating into the esophagus. Home relief includes over-the-counter antacids, avoiding lying down immediately after meals, and elevating the head of your bed. Reference document #270 for medical inquiry.",Gastroenterology,Medical Journal #120
qa_00271,What are the early symptoms of diabetes? (Case #271),"Early symptoms of diabetes include increased thirst (polydipsia), frequent urination (polyuria), extreme hunger, weight loss, fatigue, blurred vision, and slow-healing sores. Blood sugar levels should be tested if these occur. Reference document #271 for medical inquiry.",Cardiology,Medical Journal #121
qa_00272,How to manage high blood pressure naturally? (Case #272),"High blood pressure (hypertension) can be managed naturally by eating a low-sodium DASH diet, regular aerobic exercise for 30 minutes daily, limiting alcohol consumption, avoiding smoking, managing stress, and maintaining a healthy body mass index (BMI under 25). Reference document #272 for medical inquiry.",Cardiology,Medical Journal #122
qa_00273,What is the recommended dosage for Paracetamol in adults? (Case #273),"The standard adult dosage for Paracetamol (Acetaminophen) is 500 mg to 1000 mg every 4 to 6 hours as needed, with a maximum daily limit of 4000 mg (4 grams) in 24 hours. Exceeding this can cause severe liver damage. Reference document #273 for medical inquiry.",Medications,Medical Journal #123
qa_00274,What causes sudden chest pain and when to seek emergency help? (Case #274),"Sudden chest pain can be caused by angina, myocardial infarction (heart attack), pericarditis, acid reflux, or muscle strain. If chest pain radiates to the left arm, jaw, or neck accompanied by shortness of breath, seek immediate emergency help (call 112). Reference document #274 for medical inquiry.",Cardiology,Medical Journal #124
qa_00275,What are common remedies for severe stomach ache and gastritis? (Case #275),"Stomach ache and gastritis remedies include drinking antacids, consuming ginger tea, avoiding spicy or acidic foods, drinking plenty of fluids, and eating smaller frequent meals. If stomach pain is severe or accompanied by blood in stool, consult a doctor. Reference document #275 for medical inquiry.",Gastroenterology,Medical Journal #125
qa_00276,How does Metformin work for Type 2 Diabetes treatment? (Case #276),Metformin lowers blood glucose levels by suppressing glucose production by the liver (gluconeogenesis) and increasing insulin sensitivity in peripheral tissues. Common side effects include mild nausea and stomach upset. Reference document #276 for medical inquiry.,Medications,Medical Journal #126
qa_00277,What are the side effects of Amoxicillin antibiotic? (Case #277),"Amoxicillin is a broad-spectrum penicillin antibiotic. Common side effects include nausea, vomiting, diarrhea, skin rash, and abdominal distress. Seek urgent medical care if severe allergic reactions like swelling or breathing difficulty develop. Reference document #277 for medical inquiry.",Medications,Medical Journal #127
qa_00278,How to improve sleep quality and overcome insomnia? (Case #278),"To overcome insomnia and improve sleep quality, establish a consistent sleep schedule, avoid blue light screens 1 hour before bedtime, limit caffeine intake after 2 PM, keep the bedroom cool and dark, and practice deep breathing exercises. Reference document #278 for medical inquiry.",Lifestyle,Medical Journal #128
qa_00279,What are the primary causes and treatments for asthma attacks? (Case #279),"Asthma is a chronic inflammatory airway condition triggered by allergens, cold air, exercise, or stress. Inhaled corticosteroids provide long-term control, while short-acting beta-agonists (Albuterol inhalers) act as quick rescue medications during acute bronchospasm. Reference document #279 for medical inquiry.",General Health,Medical Journal #129
qa_00280,What causes joint pain in fingers and knees? (Case #280),"Joint pain in fingers and knees is commonly caused by osteoarthritis (wear and tear of cartilage), rheumatoid arthritis (autoimmune inflammation), gout (uric acid accumulation), or tendonitis. Treatment involves NSAIDs, physical therapy, and warm compresses. Reference document #280 for medical inquiry.",General Health,Medical Journal #130
qa_00281,How to reduce high cholesterol levels through diet? (Case #281),"To lower LDL cholesterol, increase intake of soluble fiber (oats, beans, apples), eat omega-3 rich foods like salmon and flaxseeds, replace saturated fats with monounsaturated olive oil, and limit trans fats and processed meats. Reference document #281 for medical inquiry.",Lifestyle,Medical Journal #131
qa_00282,What are the warning signs of a stroke? (Case #282),"Stroke warning signs follow the FAST acronym: Face drooping, Arm weakness, Speech difficulty, Time to call emergency services. Prompt thrombolytic treatment within 3 hours significantly reduces long-term brain damage. Reference document #282 for medical inquiry.",Neurology,Medical Journal #132
qa_00283,How to treat skin rashes and itching at home? (Case #283),"Home treatment for skin rashes includes applying calamine lotion or 1% hydrocortisone cream, taking cool oatmeal baths, using fragrance-free moisturizers, and taking oral antihistamines like Cetirizine for itching relief. Reference document #283 for medical inquiry.",Dermatology,Medical Journal #133
qa_00284,What is the normal blood pressure reading for adults? (Case #284),"A normal adult blood pressure reading is less than 120/80 mmHg. Systolic pressure between 120-129 mmHg is elevated, while 130/80 mmHg or higher indicates stage 1 hypertension requiring lifestyle changes or medication. Reference document #284 for medical inquiry.",Cardiology,Medical Journal #134
qa_00285,What are the symptoms and home treatment for acidity and heartburn? (Case #285),"Heartburn presents as a burning sensation in the chest caused by stomach acid regurgitating into the esophagus. Home relief includes over-the-counter antacids, avoiding lying down immediately after meals, and elevating the head of your bed. Reference document #285 for medical inquiry.",Gastroenterology,Medical Journal #135
qa_00286,What are the early symptoms of diabetes? (Case #286),"Early symptoms of diabetes include increased thirst (polydipsia), frequent urination (polyuria), extreme hunger, weight loss, fatigue, blurred vision, and slow-healing sores. Blood sugar levels should be tested if these occur. Reference document #286 for medical inquiry.",Cardiology,Medical Journal #136
qa_00287,How to manage high blood pressure naturally? (Case #287),"High blood pressure (hypertension) can be managed naturally by eating a low-sodium DASH diet, regular aerobic exercise for 30 minutes daily, limiting alcohol consumption, avoiding smoking, managing stress, and maintaining a healthy body mass index (BMI under 25). Reference document #287 for medical inquiry.",Cardiology,Medical Journal #137
qa_00288,What is the recommended dosage for Paracetamol in adults? (Case #288),"The standard adult dosage for Paracetamol (Acetaminophen) is 500 mg to 1000 mg every 4 to 6 hours as needed, with a maximum daily limit of 4000 mg (4 grams) in 24 hours. Exceeding this can cause severe liver damage. Reference document #288 for medical inquiry.",Medications,Medical Journal #138
qa_00289,What causes sudden chest pain and when to seek emergency help? (Case #289),"Sudden chest pain can be caused by angina, myocardial infarction (heart attack), pericarditis, acid reflux, or muscle strain. If chest pain radiates to the left arm, jaw, or neck accompanied by shortness of breath, seek immediate emergency help (call 112). Reference document #289 for medical inquiry.",Cardiology,Medical Journal #139
qa_00290,What are common remedies for severe stomach ache and gastritis? (Case #290),"Stomach ache and gastritis remedies include drinking antacids, consuming ginger tea, avoiding spicy or acidic foods, drinking plenty of fluids, and eating smaller frequent meals. If stomach pain is severe or accompanied by blood in stool, consult a doctor. Reference document #290 for medical inquiry.",Gastroenterology,Medical Journal #140
qa_00291,How does Metformin work for Type 2 Diabetes treatment? (Case #291),Metformin lowers blood glucose levels by suppressing glucose production by the liver (gluconeogenesis) and increasing insulin sensitivity in peripheral tissues. Common side effects include mild nausea and stomach upset. Reference document #291 for medical inquiry.,Medications,Medical Journal #141
qa_00292,What are the side effects of Amoxicillin antibiotic? (Case #292),"Amoxicillin is a broad-spectrum penicillin antibiotic. Common side effects include nausea, vomiting, diarrhea, skin rash, and abdominal distress. Seek urgent medical care if severe allergic reactions like swelling or breathing difficulty develop. Reference document #292 for medical inquiry.",Medications,Medical Journal #142
qa_00293,How to improve sleep quality and overcome insomnia? (Case #293),"To overcome insomnia and improve sleep quality, establish a consistent sleep schedule, avoid blue light screens 1 hour before bedtime, limit caffeine intake after 2 PM, keep the bedroom cool and dark, and practice deep breathing exercises. Reference document #293 for medical inquiry.",Lifestyle,Medical Journal #143
qa_00294,What are the primary causes and treatments for asthma attacks? (Case #294),"Asthma is a chronic inflammatory airway condition triggered by allergens, cold air, exercise, or stress. Inhaled corticosteroids provide long-term control, while short-acting beta-agonists (Albuterol inhalers) act as quick rescue medications during acute bronchospasm. Reference document #294 for medical inquiry.",General Health,Medical Journal #144
qa_00295,What causes joint pain in fingers and knees? (Case #295),"Joint pain in fingers and knees is commonly caused by osteoarthritis (wear and tear of cartilage), rheumatoid arthritis (autoimmune inflammation), gout (uric acid accumulation), or tendonitis. Treatment involves NSAIDs, physical therapy, and warm compresses. Reference document #295 for medical inquiry.",General Health,Medical Journal #145
qa_00296,How to reduce high cholesterol levels through diet? (Case #296),"To lower LDL cholesterol, increase intake of soluble fiber (oats, beans, apples), eat omega-3 rich foods like salmon and flaxseeds, replace saturated fats with monounsaturated olive oil, and limit trans fats and processed meats. Reference document #296 for medical inquiry.",Lifestyle,Medical Journal #146
qa_00297,What are the warning signs of a stroke? (Case #297),"Stroke warning signs follow the FAST acronym: Face drooping, Arm weakness, Speech difficulty, Time to call emergency services. Prompt thrombolytic treatment within 3 hours significantly reduces long-term brain damage. Reference document #297 for medical inquiry.",Neurology,Medical Journal #147
qa_00298,How to treat skin rashes and itching at home? (Case #298),"Home treatment for skin rashes includes applying calamine lotion or 1% hydrocortisone cream, taking cool oatmeal baths, using fragrance-free moisturizers, and taking oral antihistamines like Cetirizine for itching relief. Reference document #298 for medical inquiry.",Dermatology,Medical Journal #148
qa_00299,What is the normal blood pressure reading for adults? (Case #299),"A normal adult blood pressure reading is less than 120/80 mmHg. Systolic pressure between 120-129 mmHg is elevated, while 130/80 mmHg or higher indicates stage 1 hypertension requiring lifestyle changes or medication. Reference document #299 for medical inquiry.",Cardiology,Medical Journal #149
qa_00300,What are the symptoms and home treatment for acidity and heartburn? (Case #300),"Heartburn presents as a burning sensation in the chest caused by stomach acid regurgitating into the esophagus. Home relief includes over-the-counter antacids, avoiding lying down immediately after meals, and elevating the head of your bed. Reference document #300 for medical inquiry.",Gastroenterology,Medical Journal #100
qa_00301,What are the early symptoms of diabetes? (Case #301),"Early symptoms of diabetes include increased thirst (polydipsia), frequent urination (polyuria), extreme hunger, weight loss, fatigue, blurred vision, and slow-healing sores. Blood sugar levels should be tested if these occur. Reference document #301 for medical inquiry.",Cardiology,Medical Journal #101
qa_00302,How to manage high blood pressure naturally? (Case #302),"High blood pressure (hypertension) can be managed naturally by eating a low-sodium DASH diet, regular aerobic exercise for 30 minutes daily, limiting alcohol consumption, avoiding smoking, managing stress, and maintaining a healthy body mass index (BMI under 25). Reference document #302 for medical inquiry.",Cardiology,Medical Journal #102
qa_00303,What is the recommended dosage for Paracetamol in adults? (Case #303),"The standard adult dosage for Paracetamol (Acetaminophen) is 500 mg to 1000 mg every 4 to 6 hours as needed, with a maximum daily limit of 4000 mg (4 grams) in 24 hours. Exceeding this can cause severe liver damage. Reference document #303 for medical inquiry.",Medications,Medical Journal #103
qa_00304,What causes sudden chest pain and when to seek emergency help? (Case #304),"Sudden chest pain can be caused by angina, myocardial infarction (heart attack), pericarditis, acid reflux, or muscle strain. If chest pain radiates to the left arm, jaw, or neck accompanied by shortness of breath, seek immediate emergency help (call 112). Reference document #304 for medical inquiry.",Cardiology,Medical Journal #104
qa_00305,What are common remedies for severe stomach ache and gastritis? (Case #305),"Stomach ache and gastritis remedies include drinking antacids, consuming ginger tea, avoiding spicy or acidic foods, drinking plenty of fluids, and eating smaller frequent meals. If stomach pain is severe or accompanied by blood in stool, consult a doctor. Reference document #305 for medical inquiry.",Gastroenterology,Medical Journal #105
qa_00306,How does Metformin work for Type 2 Diabetes treatment? (Case #306),Metformin lowers blood glucose levels by suppressing glucose production by the liver (gluconeogenesis) and increasing insulin sensitivity in peripheral tissues. Common side effects include mild nausea and stomach upset. Reference document #306 for medical inquiry.,Medications,Medical Journal #106
qa_00307,What are the side effects of Amoxicillin antibiotic? (Case #307),"Amoxicillin is a broad-spectrum penicillin antibiotic. Common side effects include nausea, vomiting, diarrhea, skin rash, and abdominal distress. Seek urgent medical care if severe allergic reactions like swelling or breathing difficulty develop. Reference document #307 for medical inquiry.",Medications,Medical Journal #107
qa_00308,How to improve sleep quality and overcome insomnia? (Case #308),"To overcome insomnia and improve sleep quality, establish a consistent sleep schedule, avoid blue light screens 1 hour before bedtime, limit caffeine intake after 2 PM, keep the bedroom cool and dark, and practice deep breathing exercises. Reference document #308 for medical inquiry.",Lifestyle,Medical Journal #108
qa_00309,What are the primary causes and treatments for asthma attacks? (Case #309),"Asthma is a chronic inflammatory airway condition triggered by allergens, cold air, exercise, or stress. Inhaled corticosteroids provide long-term control, while short-acting beta-agonists (Albuterol inhalers) act as quick rescue medications during acute bronchospasm. Reference document #309 for medical inquiry.",General Health,Medical Journal #109
qa_00310,What causes joint pain in fingers and knees? (Case #310),"Joint pain in fingers and knees is commonly caused by osteoarthritis (wear and tear of cartilage), rheumatoid arthritis (autoimmune inflammation), gout (uric acid accumulation), or tendonitis. Treatment involves NSAIDs, physical therapy, and warm compresses. Reference document #310 for medical inquiry.",General Health,Medical Journal #110
qa_00311,How to reduce high cholesterol levels through diet? (Case #311),"To lower LDL cholesterol, increase intake of soluble fiber (oats, beans, apples), eat omega-3 rich foods like salmon and flaxseeds, replace saturated fats with monounsaturated olive oil, and limit trans fats and processed meats. Reference document #311 for medical inquiry.",Lifestyle,Medical Journal #111
qa_00312,What are the warning signs of a stroke? (Case #312),"Stroke warning signs follow the FAST acronym: Face drooping, Arm weakness, Speech difficulty, Time to call emergency services. Prompt thrombolytic treatment within 3 hours significantly reduces long-term brain damage. Reference document #312 for medical inquiry.",Neurology,Medical Journal #112
qa_00313,How to treat skin rashes and itching at home? (Case #313),"Home treatment for skin rashes includes applying calamine lotion or 1% hydrocortisone cream, taking cool oatmeal baths, using fragrance-free moisturizers, and taking oral antihistamines like Cetirizine for itching relief. Reference document #313 for medical inquiry.",Dermatology,Medical Journal #113
qa_00314,What is the normal blood pressure reading for adults? (Case #314),"A normal adult blood pressure reading is less than 120/80 mmHg. Systolic pressure between 120-129 mmHg is elevated, while 130/80 mmHg or higher indicates stage 1 hypertension requiring lifestyle changes or medication. Reference document #314 for medical inquiry.",Cardiology,Medical Journal #114
qa_00315,What are the symptoms and home treatment for acidity and heartburn? (Case #315),"Heartburn presents as a burning sensation in the chest caused by stomach acid regurgitating into the esophagus. Home relief includes over-the-counter antacids, avoiding lying down immediately after meals, and elevating the head of your bed. Reference document #315 for medical inquiry.",Gastroenterology,Medical Journal #115
qa_00316,What are the early symptoms of diabetes? (Case #316),"Early symptoms of diabetes include increased thirst (polydipsia), frequent urination (polyuria), extreme hunger, weight loss, fatigue, blurred vision, and slow-healing sores. Blood sugar levels should be tested if these occur. Reference document #316 for medical inquiry.",Cardiology,Medical Journal #116
qa_00317,How to manage high blood pressure naturally? (Case #317),"High blood pressure (hypertension) can be managed naturally by eating a low-sodium DASH diet, regular aerobic exercise for 30 minutes daily, limiting alcohol consumption, avoiding smoking, managing stress, and maintaining a healthy body mass index (BMI under 25). Reference document #317 for medical inquiry.",Cardiology,Medical Journal #117
qa_00318,What is the recommended dosage for Paracetamol in adults? (Case #318),"The standard adult dosage for Paracetamol (Acetaminophen) is 500 mg to 1000 mg every 4 to 6 hours as needed, with a maximum daily limit of 4000 mg (4 grams) in 24 hours. Exceeding this can cause severe liver damage. Reference document #318 for medical inquiry.",Medications,Medical Journal #118
qa_00319,What causes sudden chest pain and when to seek emergency help? (Case #319),"Sudden chest pain can be caused by angina, myocardial infarction (heart attack), pericarditis, acid reflux, or muscle strain. If chest pain radiates to the left arm, jaw, or neck accompanied by shortness of breath, seek immediate emergency help (call 112). Reference document #319 for medical inquiry.",Cardiology,Medical Journal #119
qa_00320,What are common remedies for severe stomach ache and gastritis? (Case #320),"Stomach ache and gastritis remedies include drinking antacids, consuming ginger tea, avoiding spicy or acidic foods, drinking plenty of fluids, and eating smaller frequent meals. If stomach pain is severe or accompanied by blood in stool, consult a doctor. Reference document #320 for medical inquiry.",Gastroenterology,Medical Journal #120
qa_00321,How does Metformin work for Type 2 Diabetes treatment? (Case #321),Metformin lowers blood glucose levels by suppressing glucose production by the liver (gluconeogenesis) and increasing insulin sensitivity in peripheral tissues. Common side effects include mild nausea and stomach upset. Reference document #321 for medical inquiry.,Medications,Medical Journal #121
qa_00322,What are the side effects of Amoxicillin antibiotic? (Case #322),"Amoxicillin is a broad-spectrum penicillin antibiotic. Common side effects include nausea, vomiting, diarrhea, skin rash, and abdominal distress. Seek urgent medical care if severe allergic reactions like swelling or breathing difficulty develop. Reference document #322 for medical inquiry.",Medications,Medical Journal #122
qa_00323,How to improve sleep quality and overcome insomnia? (Case #323),"To overcome insomnia and improve sleep quality, establish a consistent sleep schedule, avoid blue light screens 1 hour before bedtime, limit caffeine intake after 2 PM, keep the bedroom cool and dark, and practice deep breathing exercises. Reference document #323 for medical inquiry.",Lifestyle,Medical Journal #123
qa_00324,What are the primary causes and treatments for asthma attacks? (Case #324),"Asthma is a chronic inflammatory airway condition triggered by allergens, cold air, exercise, or stress. Inhaled corticosteroids provide long-term control, while short-acting beta-agonists (Albuterol inhalers) act as quick rescue medications during acute bronchospasm. Reference document #324 for medical inquiry.",General Health,Medical Journal #124
qa_00325,What causes joint pain in fingers and knees? (Case #325),"Joint pain in fingers and knees is commonly caused by osteoarthritis (wear and tear of cartilage), rheumatoid arthritis (autoimmune inflammation), gout (uric acid accumulation), or tendonitis. Treatment involves NSAIDs, physical therapy, and warm compresses. Reference document #325 for medical inquiry.",General Health,Medical Journal #125
qa_00326,How to reduce high cholesterol levels through diet? (Case #326),"To lower LDL cholesterol, increase intake of soluble fiber (oats, beans, apples), eat omega-3 rich foods like salmon and flaxseeds, replace saturated fats with monounsaturated olive oil, and limit trans fats and processed meats. Reference document #326 for medical inquiry.",Lifestyle,Medical Journal #126
qa_00327,What are the warning signs of a stroke? (Case #327),"Stroke warning signs follow the FAST acronym: Face drooping, Arm weakness, Speech difficulty, Time to call emergency services. Prompt thrombolytic treatment within 3 hours significantly reduces long-term brain damage. Reference document #327 for medical inquiry.",Neurology,Medical Journal #127
qa_00328,How to treat skin rashes and itching at home? (Case #328),"Home treatment for skin rashes includes applying calamine lotion or 1% hydrocortisone cream, taking cool oatmeal baths, using fragrance-free moisturizers, and taking oral antihistamines like Cetirizine for itching relief. Reference document #328 for medical inquiry.",Dermatology,Medical Journal #128
qa_00329,What is the normal blood pressure reading for adults? (Case #329),"A normal adult blood pressure reading is less than 120/80 mmHg. Systolic pressure between 120-129 mmHg is elevated, while 130/80 mmHg or higher indicates stage 1 hypertension requiring lifestyle changes or medication. Reference document #329 for medical inquiry.",Cardiology,Medical Journal #129
qa_00330,What are the symptoms and home treatment for acidity and heartburn? (Case #330),"Heartburn presents as a burning sensation in the chest caused by stomach acid regurgitating into the esophagus. Home relief includes over-the-counter antacids, avoiding lying down immediately after meals, and elevating the head of your bed. Reference document #330 for medical inquiry.",Gastroenterology,Medical Journal #130
qa_00331,What are the early symptoms of diabetes? (Case #331),"Early symptoms of diabetes include increased thirst (polydipsia), frequent urination (polyuria), extreme hunger, weight loss, fatigue, blurred vision, and slow-healing sores. Blood sugar levels should be tested if these occur. Reference document #331 for medical inquiry.",Cardiology,Medical Journal #131
qa_00332,How to manage high blood pressure naturally? (Case #332),"High blood pressure (hypertension) can be managed naturally by eating a low-sodium DASH diet, regular aerobic exercise for 30 minutes daily, limiting alcohol consumption, avoiding smoking, managing stress, and maintaining a healthy body mass index (BMI under 25). Reference document #332 for medical inquiry.",Cardiology,Medical Journal #132
qa_00333,What is the recommended dosage for Paracetamol in adults? (Case #333),"The standard adult dosage for Paracetamol (Acetaminophen) is 500 mg to 1000 mg every 4 to 6 hours as needed, with a maximum daily limit of 4000 mg (4 grams) in 24 hours. Exceeding this can cause severe liver damage. Reference document #333 for medical inquiry.",Medications,Medical Journal #133
qa_00334,What causes sudden chest pain and when to seek emergency help? (Case #334),"Sudden chest pain can be caused by angina, myocardial infarction (heart attack), pericarditis, acid reflux, or muscle strain. If chest pain radiates to the left arm, jaw, or neck accompanied by shortness of breath, seek immediate emergency help (call 112). Reference document #334 for medical inquiry.",Cardiology,Medical Journal #134
qa_00335,What are common remedies for severe stomach ache and gastritis? (Case #335),"Stomach ache and gastritis remedies include drinking antacids, consuming ginger tea, avoiding spicy or acidic foods, drinking plenty of fluids, and eating smaller frequent meals. If stomach pain is severe or accompanied by blood in stool, consult a doctor. Reference document #335 for medical inquiry.",Gastroenterology,Medical Journal #135
qa_00336,How does Metformin work for Type 2 Diabetes treatment? (Case #336),Metformin lowers blood glucose levels by suppressing glucose production by the liver (gluconeogenesis) and increasing insulin sensitivity in peripheral tissues. Common side effects include mild nausea and stomach upset. Reference document #336 for medical inquiry.,Medications,Medical Journal #136
qa_00337,What are the side effects of Amoxicillin antibiotic? (Case #337),"Amoxicillin is a broad-spectrum penicillin antibiotic. Common side effects include nausea, vomiting, diarrhea, skin rash, and abdominal distress. Seek urgent medical care if severe allergic reactions like swelling or breathing difficulty develop. Reference document #337 for medical inquiry.",Medications,Medical Journal #137
qa_00338,How to improve sleep quality and overcome insomnia? (Case #338),"To overcome insomnia and improve sleep quality, establish a consistent sleep schedule, avoid blue light screens 1 hour before bedtime, limit caffeine intake after 2 PM, keep the bedroom cool and dark, and practice deep breathing exercises. Reference document #338 for medical inquiry.",Lifestyle,Medical Journal #138
qa_00339,What are the primary causes and treatments for asthma attacks? (Case #339),"Asthma is a chronic inflammatory airway condition triggered by allergens, cold air, exercise, or stress. Inhaled corticosteroids provide long-term control, while short-acting beta-agonists (Albuterol inhalers) act as quick rescue medications during acute bronchospasm. Reference document #339 for medical inquiry.",General Health,Medical Journal #139
qa_00340,What causes joint pain in fingers and knees? (Case #340),"Joint pain in fingers and knees is commonly caused by osteoarthritis (wear and tear of cartilage), rheumatoid arthritis (autoimmune inflammation), gout (uric acid accumulation), or tendonitis. Treatment involves NSAIDs, physical therapy, and warm compresses. Reference document #340 for medical inquiry.",General Health,Medical Journal #140
qa_00341,How to reduce high cholesterol levels through diet? (Case #341),"To lower LDL cholesterol, increase intake of soluble fiber (oats, beans, apples), eat omega-3 rich foods like salmon and flaxseeds, replace saturated fats with monounsaturated olive oil, and limit trans fats and processed meats. Reference document #341 for medical inquiry.",Lifestyle,Medical Journal #141
qa_00342,What are the warning signs of a stroke? (Case #342),"Stroke warning signs follow the FAST acronym: Face drooping, Arm weakness, Speech difficulty, Time to call emergency services. Prompt thrombolytic treatment within 3 hours significantly reduces long-term brain damage. Reference document #342 for medical inquiry.",Neurology,Medical Journal #142
qa_00343,How to treat skin rashes and itching at home? (Case #343),"Home treatment for skin rashes includes applying calamine lotion or 1% hydrocortisone cream, taking cool oatmeal baths, using fragrance-free moisturizers, and taking oral antihistamines like Cetirizine for itching relief. Reference document #343 for medical inquiry.",Dermatology,Medical Journal #143
qa_00344,What is the normal blood pressure reading for adults? (Case #344),"A normal adult blood pressure reading is less than 120/80 mmHg. Systolic pressure between 120-129 mmHg is elevated, while 130/80 mmHg or higher indicates stage 1 hypertension requiring lifestyle changes or medication. Reference document #344 for medical inquiry.",Cardiology,Medical Journal #144
qa_00345,What are the symptoms and home treatment for acidity and heartburn? (Case #345),"Heartburn presents as a burning sensation in the chest caused by stomach acid regurgitating into the esophagus. Home relief includes over-the-counter antacids, avoiding lying down immediately after meals, and elevating the head of your bed. Reference document #345 for medical inquiry.",Gastroenterology,Medical Journal #145
qa_00346,What are the early symptoms of diabetes? (Case #346),"Early symptoms of diabetes include increased thirst (polydipsia), frequent urination (polyuria), extreme hunger, weight loss, fatigue, blurred vision, and slow-healing sores. Blood sugar levels should be tested if these occur. Reference document #346 for medical inquiry.",Cardiology,Medical Journal #146
qa_00347,How to manage high blood pressure naturally? (Case #347),"High blood pressure (hypertension) can be managed naturally by eating a low-sodium DASH diet, regular aerobic exercise for 30 minutes daily, limiting alcohol consumption, avoiding smoking, managing stress, and maintaining a healthy body mass index (BMI under 25). Reference document #347 for medical inquiry.",Cardiology,Medical Journal #147
qa_00348,What is the recommended dosage for Paracetamol in adults? (Case #348),"The standard adult dosage for Paracetamol (Acetaminophen) is 500 mg to 1000 mg every 4 to 6 hours as needed, with a maximum daily limit of 4000 mg (4 grams) in 24 hours. Exceeding this can cause severe liver damage. Reference document #348 for medical inquiry.",Medications,Medical Journal #148
qa_00349,What causes sudden chest pain and when to seek emergency help? (Case #349),"Sudden chest pain can be caused by angina, myocardial infarction (heart attack), pericarditis, acid reflux, or muscle strain. If chest pain radiates to the left arm, jaw, or neck accompanied by shortness of breath, seek immediate emergency help (call 112). Reference document #349 for medical inquiry.",Cardiology,Medical Journal #149
qa_00350,What are common remedies for severe stomach ache and gastritis? (Case #350),"Stomach ache and gastritis remedies include drinking antacids, consuming ginger tea, avoiding spicy or acidic foods, drinking plenty of fluids, and eating smaller frequent meals. If stomach pain is severe or accompanied by blood in stool, consult a doctor. Reference document #350 for medical inquiry.",Gastroenterology,Medical Journal #100
qa_00351,How does Metformin work for Type 2 Diabetes treatment? (Case #351),Metformin lowers blood glucose levels by suppressing glucose production by the liver (gluconeogenesis) and increasing insulin sensitivity in peripheral tissues. Common side effects include mild nausea and stomach upset. Reference document #351 for medical inquiry.,Medications,Medical Journal #101
qa_00352,What are the side effects of Amoxicillin antibiotic? (Case #352),"Amoxicillin is a broad-spectrum penicillin antibiotic. Common side effects include nausea, vomiting, diarrhea, skin rash, and abdominal distress. Seek urgent medical care if severe allergic reactions like swelling or breathing difficulty develop. Reference document #352 for medical inquiry.",Medications,Medical Journal #102
qa_00353,How to improve sleep quality and overcome insomnia? (Case #353),"To overcome insomnia and improve sleep quality, establish a consistent sleep schedule, avoid blue light screens 1 hour before bedtime, limit caffeine intake after 2 PM, keep the bedroom cool and dark, and practice deep breathing exercises. Reference document #353 for medical inquiry.",Lifestyle,Medical Journal #103
qa_00354,What are the primary causes and treatments for asthma attacks? (Case #354),"Asthma is a chronic inflammatory airway condition triggered by allergens, cold air, exercise, or stress. Inhaled corticosteroids provide long-term control, while short-acting beta-agonists (Albuterol inhalers) act as quick rescue medications during acute bronchospasm. Reference document #354 for medical inquiry.",General Health,Medical Journal #104
qa_00355,What causes joint pain in fingers and knees? (Case #355),"Joint pain in fingers and knees is commonly caused by osteoarthritis (wear and tear of cartilage), rheumatoid arthritis (autoimmune inflammation), gout (uric acid accumulation), or tendonitis. Treatment involves NSAIDs, physical therapy, and warm compresses. Reference document #355 for medical inquiry.",General Health,Medical Journal #105
qa_00356,How to reduce high cholesterol levels through diet? (Case #356),"To lower LDL cholesterol, increase intake of soluble fiber (oats, beans, apples), eat omega-3 rich foods like salmon and flaxseeds, replace saturated fats with monounsaturated olive oil, and limit trans fats and processed meats. Reference document #356 for medical inquiry.",Lifestyle,Medical Journal #106
qa_00357,What are the warning signs of a stroke? (Case #357),"Stroke warning signs follow the FAST acronym: Face drooping, Arm weakness, Speech difficulty, Time to call emergency services. Prompt thrombolytic treatment within 3 hours significantly reduces long-term brain damage. Reference document #357 for medical inquiry.",Neurology,Medical Journal #107
qa_00358,How to treat skin rashes and itching at home? (Case #358),"Home treatment for skin rashes includes applying calamine lotion or 1% hydrocortisone cream, taking cool oatmeal baths, using fragrance-free moisturizers, and taking oral antihistamines like Cetirizine for itching relief. Reference document #358 for medical inquiry.",Dermatology,Medical Journal #108
qa_00359,What is the normal blood pressure reading for adults? (Case #359),"A normal adult blood pressure reading is less than 120/80 mmHg. Systolic pressure between 120-129 mmHg is elevated, while 130/80 mmHg or higher indicates stage 1 hypertension requiring lifestyle changes or medication. Reference document #359 for medical inquiry.",Cardiology,Medical Journal #109
qa_00360,What are the symptoms and home treatment for acidity and heartburn? (Case #360),"Heartburn presents as a burning sensation in the chest caused by stomach acid regurgitating into the esophagus. Home relief includes over-the-counter antacids, avoiding lying down immediately after meals, and elevating the head of your bed. Reference document #360 for medical inquiry.",Gastroenterology,Medical Journal #110
qa_00361,What are the early symptoms of diabetes? (Case #361),"Early symptoms of diabetes include increased thirst (polydipsia), frequent urination (polyuria), extreme hunger, weight loss, fatigue, blurred vision, and slow-healing sores. Blood sugar levels should be tested if these occur. Reference document #361 for medical inquiry.",Cardiology,Medical Journal #111
qa_00362,How to manage high blood pressure naturally? (Case #362),"High blood pressure (hypertension) can be managed naturally by eating a low-sodium DASH diet, regular aerobic exercise for 30 minutes daily, limiting alcohol consumption, avoiding smoking, managing stress, and maintaining a healthy body mass index (BMI under 25). Reference document #362 for medical inquiry.",Cardiology,Medical Journal #112
qa_00363,What is the recommended dosage for Paracetamol in adults? (Case #363),"The standard adult dosage for Paracetamol (Acetaminophen) is 500 mg to 1000 mg every 4 to 6 hours as needed, with a maximum daily limit of 4000 mg (4 grams) in 24 hours. Exceeding this can cause severe liver damage. Reference document #363 for medical inquiry.",Medications,Medical Journal #113
qa_00364,What causes sudden chest pain and when to seek emergency help? (Case #364),"Sudden chest pain can be caused by angina, myocardial infarction (heart attack), pericarditis, acid reflux, or muscle strain. If chest pain radiates to the left arm, jaw, or neck accompanied by shortness of breath, seek immediate emergency help (call 112). Reference document #364 for medical inquiry.",Cardiology,Medical Journal #114
qa_00365,What are common remedies for severe stomach ache and gastritis? (Case #365),"Stomach ache and gastritis remedies include drinking antacids, consuming ginger tea, avoiding spicy or acidic foods, drinking plenty of fluids, and eating smaller frequent meals. If stomach pain is severe or accompanied by blood in stool, consult a doctor. Reference document #365 for medical inquiry.",Gastroenterology,Medical Journal #115
qa_00366,How does Metformin work for Type 2 Diabetes treatment? (Case #366),Metformin lowers blood glucose levels by suppressing glucose production by the liver (gluconeogenesis) and increasing insulin sensitivity in peripheral tissues. Common side effects include mild nausea and stomach upset. Reference document #366 for medical inquiry.,Medications,Medical Journal #116
qa_00367,What are the side effects of Amoxicillin antibiotic? (Case #367),"Amoxicillin is a broad-spectrum penicillin antibiotic. Common side effects include nausea, vomiting, diarrhea, skin rash, and abdominal distress. Seek urgent medical care if severe allergic reactions like swelling or breathing difficulty develop. Reference document #367 for medical inquiry.",Medications,Medical Journal #117
qa_00368,How to improve sleep quality and overcome insomnia? (Case #368),"To overcome insomnia and improve sleep quality, establish a consistent sleep schedule, avoid blue light screens 1 hour before bedtime, limit caffeine intake after 2 PM, keep the bedroom cool and dark, and practice deep breathing exercises. Reference document #368 for medical inquiry.",Lifestyle,Medical Journal #118
qa_00369,What are the primary causes and treatments for asthma attacks? (Case #369),"Asthma is a chronic inflammatory airway condition triggered by allergens, cold air, exercise, or stress. Inhaled corticosteroids provide long-term control, while short-acting beta-agonists (Albuterol inhalers) act as quick rescue medications during acute bronchospasm. Reference document #369 for medical inquiry.",General Health,Medical Journal #119
qa_00370,What causes joint pain in fingers and knees? (Case #370),"Joint pain in fingers and knees is commonly caused by osteoarthritis (wear and tear of cartilage), rheumatoid arthritis (autoimmune inflammation), gout (uric acid accumulation), or tendonitis. Treatment involves NSAIDs, physical therapy, and warm compresses. Reference document #370 for medical inquiry.",General Health,Medical Journal #120
qa_00371,How to reduce high cholesterol levels through diet? (Case #371),"To lower LDL cholesterol, increase intake of soluble fiber (oats, beans, apples), eat omega-3 rich foods like salmon and flaxseeds, replace saturated fats with monounsaturated olive oil, and limit trans fats and processed meats. Reference document #371 for medical inquiry.",Lifestyle,Medical Journal #121
qa_00372,What are the warning signs of a stroke? (Case #372),"Stroke warning signs follow the FAST acronym: Face drooping, Arm weakness, Speech difficulty, Time to call emergency services. Prompt thrombolytic treatment within 3 hours significantly reduces long-term brain damage. Reference document #372 for medical inquiry.",Neurology,Medical Journal #122
qa_00373,How to treat skin rashes and itching at home? (Case #373),"Home treatment for skin rashes includes applying calamine lotion or 1% hydrocortisone cream, taking cool oatmeal baths, using fragrance-free moisturizers, and taking oral antihistamines like Cetirizine for itching relief. Reference document #373 for medical inquiry.",Dermatology,Medical Journal #123
qa_00374,What is the normal blood pressure reading for adults? (Case #374),"A normal adult blood pressure reading is less than 120/80 mmHg. Systolic pressure between 120-129 mmHg is elevated, while 130/80 mmHg or higher indicates stage 1 hypertension requiring lifestyle changes or medication. Reference document #374 for medical inquiry.",Cardiology,Medical Journal #124
qa_00375,What are the symptoms and home treatment for acidity and heartburn? (Case #375),"Heartburn presents as a burning sensation in the chest caused by stomach acid regurgitating into the esophagus. Home relief includes over-the-counter antacids, avoiding lying down immediately after meals, and elevating the head of your bed. Reference document #375 for medical inquiry.",Gastroenterology,Medical Journal #125
qa_00376,What are the early symptoms of diabetes? (Case #376),"Early symptoms of diabetes include increased thirst (polydipsia), frequent urination (polyuria), extreme hunger, weight loss, fatigue, blurred vision, and slow-healing sores. Blood sugar levels should be tested if these occur. Reference document #376 for medical inquiry.",Cardiology,Medical Journal #126
qa_00377,How to manage high blood pressure naturally? (Case #377),"High blood pressure (hypertension) can be managed naturally by eating a low-sodium DASH diet, regular aerobic exercise for 30 minutes daily, limiting alcohol consumption, avoiding smoking, managing stress, and maintaining a healthy body mass index (BMI under 25). Reference document #377 for medical inquiry.",Cardiology,Medical Journal #127
qa_00378,What is the recommended dosage for Paracetamol in adults? (Case #378),"The standard adult dosage for Paracetamol (Acetaminophen) is 500 mg to 1000 mg every 4 to 6 hours as needed, with a maximum daily limit of 4000 mg (4 grams) in 24 hours. Exceeding this can cause severe liver damage. Reference document #378 for medical inquiry.",Medications,Medical Journal #128
qa_00379,What causes sudden chest pain and when to seek emergency help? (Case #379),"Sudden chest pain can be caused by angina, myocardial infarction (heart attack), pericarditis, acid reflux, or muscle strain. If chest pain radiates to the left arm, jaw, or neck accompanied by shortness of breath, seek immediate emergency help (call 112). Reference document #379 for medical inquiry.",Cardiology,Medical Journal #129
qa_00380,What are common remedies for severe stomach ache and gastritis? (Case #380),"Stomach ache and gastritis remedies include drinking antacids, consuming ginger tea, avoiding spicy or acidic foods, drinking plenty of fluids, and eating smaller frequent meals. If stomach pain is severe or accompanied by blood in stool, consult a doctor. Reference document #380 for medical inquiry.",Gastroenterology,Medical Journal #130
qa_00381,How does Metformin work for Type 2 Diabetes treatment? (Case #381),Metformin lowers blood glucose levels by suppressing glucose production by the liver (gluconeogenesis) and increasing insulin sensitivity in peripheral tissues. Common side effects include mild nausea and stomach upset. Reference document #381 for medical inquiry.,Medications,Medical Journal #131
qa_00382,What are the side effects of Amoxicillin antibiotic? (Case #382),"Amoxicillin is a broad-spectrum penicillin antibiotic. Common side effects include nausea, vomiting, diarrhea, skin rash, and abdominal distress. Seek urgent medical care if severe allergic reactions like swelling or breathing difficulty develop. Reference document #382 for medical inquiry.",Medications,Medical Journal #132
qa_00383,How to improve sleep quality and overcome insomnia? (Case #383),"To overcome insomnia and improve sleep quality, establish a consistent sleep schedule, avoid blue light screens 1 hour before bedtime, limit caffeine intake after 2 PM, keep the bedroom cool and dark, and practice deep breathing exercises. Reference document #383 for medical inquiry.",Lifestyle,Medical Journal #133
qa_00384,What are the primary causes and treatments for asthma attacks? (Case #384),"Asthma is a chronic inflammatory airway condition triggered by allergens, cold air, exercise, or stress. Inhaled corticosteroids provide long-term control, while short-acting beta-agonists (Albuterol inhalers) act as quick rescue medications during acute bronchospasm. Reference document #384 for medical inquiry.",General Health,Medical Journal #134
qa_00385,What causes joint pain in fingers and knees? (Case #385),"Joint pain in fingers and knees is commonly caused by osteoarthritis (wear and tear of cartilage), rheumatoid arthritis (autoimmune inflammation), gout (uric acid accumulation), or tendonitis. Treatment involves NSAIDs, physical therapy, and warm compresses. Reference document #385 for medical inquiry.",General Health,Medical Journal #135
qa_00386,How to reduce high cholesterol levels through diet? (Case #386),"To lower LDL cholesterol, increase intake of soluble fiber (oats, beans, apples), eat omega-3 rich foods like salmon and flaxseeds, replace saturated fats with monounsaturated olive oil, and limit trans fats and processed meats. Reference document #386 for medical inquiry.",Lifestyle,Medical Journal #136
qa_00387,What are the warning signs of a stroke? (Case #387),"Stroke warning signs follow the FAST acronym: Face drooping, Arm weakness, Speech difficulty, Time to call emergency services. Prompt thrombolytic treatment within 3 hours significantly reduces long-term brain damage. Reference document #387 for medical inquiry.",Neurology,Medical Journal #137
qa_00388,How to treat skin rashes and itching at home? (Case #388),"Home treatment for skin rashes includes applying calamine lotion or 1% hydrocortisone cream, taking cool oatmeal baths, using fragrance-free moisturizers, and taking oral antihistamines like Cetirizine for itching relief. Reference document #388 for medical inquiry.",Dermatology,Medical Journal #138
qa_00389,What is the normal blood pressure reading for adults? (Case #389),"A normal adult blood pressure reading is less than 120/80 mmHg. Systolic pressure between 120-129 mmHg is elevated, while 130/80 mmHg or higher indicates stage 1 hypertension requiring lifestyle changes or medication. Reference document #389 for medical inquiry.",Cardiology,Medical Journal #139
qa_00390,What are the symptoms and home treatment for acidity and heartburn? (Case #390),"Heartburn presents as a burning sensation in the chest caused by stomach acid regurgitating into the esophagus. Home relief includes over-the-counter antacids, avoiding lying down immediately after meals, and elevating the head of your bed. Reference document #390 for medical inquiry.",Gastroenterology,Medical Journal #140
qa_00391,What are the early symptoms of diabetes? (Case #391),"Early symptoms of diabetes include increased thirst (polydipsia), frequent urination (polyuria), extreme hunger, weight loss, fatigue, blurred vision, and slow-healing sores. Blood sugar levels should be tested if these occur. Reference document #391 for medical inquiry.",Cardiology,Medical Journal #141
qa_00392,How to manage high blood pressure naturally? (Case #392),"High blood pressure (hypertension) can be managed naturally by eating a low-sodium DASH diet, regular aerobic exercise for 30 minutes daily, limiting alcohol consumption, avoiding smoking, managing stress, and maintaining a healthy body mass index (BMI under 25). Reference document #392 for medical inquiry.",Cardiology,Medical Journal #142
qa_00393,What is the recommended dosage for Paracetamol in adults? (Case #393),"The standard adult dosage for Paracetamol (Acetaminophen) is 500 mg to 1000 mg every 4 to 6 hours as needed, with a maximum daily limit of 4000 mg (4 grams) in 24 hours. Exceeding this can cause severe liver damage. Reference document #393 for medical inquiry.",Medications,Medical Journal #143
qa_00394,What causes sudden chest pain and when to seek emergency help? (Case #394),"Sudden chest pain can be caused by angina, myocardial infarction (heart attack), pericarditis, acid reflux, or muscle strain. If chest pain radiates to the left arm, jaw, or neck accompanied by shortness of breath, seek immediate emergency help (call 112). Reference document #394 for medical inquiry.",Cardiology,Medical Journal #144
qa_00395,What are common remedies for severe stomach ache and gastritis? (Case #395),"Stomach ache and gastritis remedies include drinking antacids, consuming ginger tea, avoiding spicy or acidic foods, drinking plenty of fluids, and eating smaller frequent meals. If stomach pain is severe or accompanied by blood in stool, consult a doctor. Reference document #395 for medical inquiry.",Gastroenterology,Medical Journal #145
qa_00396,How does Metformin work for Type 2 Diabetes treatment? (Case #396),Metformin lowers blood glucose levels by suppressing glucose production by the liver (gluconeogenesis) and increasing insulin sensitivity in peripheral tissues. Common side effects include mild nausea and stomach upset. Reference document #396 for medical inquiry.,Medications,Medical Journal #146
qa_00397,What are the side effects of Amoxicillin antibiotic? (Case #397),"Amoxicillin is a broad-spectrum penicillin antibiotic. Common side effects include nausea, vomiting, diarrhea, skin rash, and abdominal distress. Seek urgent medical care if severe allergic reactions like swelling or breathing difficulty develop. Reference document #397 for medical inquiry.",Medications,Medical Journal #147
qa_00398,How to improve sleep quality and overcome insomnia? (Case #398),"To overcome insomnia and improve sleep quality, establish a consistent sleep schedule, avoid blue light screens 1 hour before bedtime, limit caffeine intake after 2 PM, keep the bedroom cool and dark, and practice deep breathing exercises. Reference document #398 for medical inquiry.",Lifestyle,Medical Journal #148
qa_00399,What are the primary causes and treatments for asthma attacks? (Case #399),"Asthma is a chronic inflammatory airway condition triggered by allergens, cold air, exercise, or stress. Inhaled corticosteroids provide long-term control, while short-acting beta-agonists (Albuterol inhalers) act as quick rescue medications during acute bronchospasm. Reference document #399 for medical inquiry.",General Health,Medical Journal #149
qa_00400,What causes joint pain in fingers and knees? (Case #400),"Joint pain in fingers and knees is commonly caused by osteoarthritis (wear and tear of cartilage), rheumatoid arthritis (autoimmune inflammation), gout (uric acid accumulation), or tendonitis. Treatment involves NSAIDs, physical therapy, and warm compresses. Reference document #400 for medical inquiry.",General Health,Medical Journal #100
qa_00401,How to reduce high cholesterol levels through diet? (Case #401),"To lower LDL cholesterol, increase intake of soluble fiber (oats, beans, apples), eat omega-3 rich foods like salmon and flaxseeds, replace saturated fats with monounsaturated olive oil, and limit trans fats and processed meats. Reference document #401 for medical inquiry.",Lifestyle,Medical Journal #101
qa_00402,What are the warning signs of a stroke? (Case #402),"Stroke warning signs follow the FAST acronym: Face drooping, Arm weakness, Speech difficulty, Time to call emergency services. Prompt thrombolytic treatment within 3 hours significantly reduces long-term brain damage. Reference document #402 for medical inquiry.",Neurology,Medical Journal #102
qa_00403,How to treat skin rashes and itching at home? (Case #403),"Home treatment for skin rashes includes applying calamine lotion or 1% hydrocortisone cream, taking cool oatmeal baths, using fragrance-free moisturizers, and taking oral antihistamines like Cetirizine for itching relief. Reference document #403 for medical inquiry.",Dermatology,Medical Journal #103
qa_00404,What is the normal blood pressure reading for adults? (Case #404),"A normal adult blood pressure reading is less than 120/80 mmHg. Systolic pressure between 120-129 mmHg is elevated, while 130/80 mmHg or higher indicates stage 1 hypertension requiring lifestyle changes or medication. Reference document #404 for medical inquiry.",Cardiology,Medical Journal #104
qa_00405,What are the symptoms and home treatment for acidity and heartburn? (Case #405),"Heartburn presents as a burning sensation in the chest caused by stomach acid regurgitating into the esophagus. Home relief includes over-the-counter antacids, avoiding lying down immediately after meals, and elevating the head of your bed. Reference document #405 for medical inquiry.",Gastroenterology,Medical Journal #105
qa_00406,What are the early symptoms of diabetes? (Case #406),"Early symptoms of diabetes include increased thirst (polydipsia), frequent urination (polyuria), extreme hunger, weight loss, fatigue, blurred vision, and slow-healing sores. Blood sugar levels should be tested if these occur. Reference document #406 for medical inquiry.",Cardiology,Medical Journal #106
qa_00407,How to manage high blood pressure naturally? (Case #407),"High blood pressure (hypertension) can be managed naturally by eating a low-sodium DASH diet, regular aerobic exercise for 30 minutes daily, limiting alcohol consumption, avoiding smoking, managing stress, and maintaining a healthy body mass index (BMI under 25). Reference document #407 for medical inquiry.",Cardiology,Medical Journal #107
qa_00408,What is the recommended dosage for Paracetamol in adults? (Case #408),"The standard adult dosage for Paracetamol (Acetaminophen) is 500 mg to 1000 mg every 4 to 6 hours as needed, with a maximum daily limit of 4000 mg (4 grams) in 24 hours. Exceeding this can cause severe liver damage. Reference document #408 for medical inquiry.",Medications,Medical Journal #108
qa_00409,What causes sudden chest pain and when to seek emergency help? (Case #409),"Sudden chest pain can be caused by angina, myocardial infarction (heart attack), pericarditis, acid reflux, or muscle strain. If chest pain radiates to the left arm, jaw, or neck accompanied by shortness of breath, seek immediate emergency help (call 112). Reference document #409 for medical inquiry.",Cardiology,Medical Journal #109
qa_00410,What are common remedies for severe stomach ache and gastritis? (Case #410),"Stomach ache and gastritis remedies include drinking antacids, consuming ginger tea, avoiding spicy or acidic foods, drinking plenty of fluids, and eating smaller frequent meals. If stomach pain is severe or accompanied by blood in stool, consult a doctor. Reference document #410 for medical inquiry.",Gastroenterology,Medical Journal #110
qa_00411,How does Metformin work for Type 2 Diabetes treatment? (Case #411),Metformin lowers blood glucose levels by suppressing glucose production by the liver (gluconeogenesis) and increasing insulin sensitivity in peripheral tissues. Common side effects include mild nausea and stomach upset. Reference document #411 for medical inquiry.,Medications,Medical Journal #111
qa_00412,What are the side effects of Amoxicillin antibiotic? (Case #412),"Amoxicillin is a broad-spectrum penicillin antibiotic. Common side effects include nausea, vomiting, diarrhea, skin rash, and abdominal distress. Seek urgent medical care if severe allergic reactions like swelling or breathing difficulty develop. Reference document #412 for medical inquiry.",Medications,Medical Journal #112
qa_00413,How to improve sleep quality and overcome insomnia? (Case #413),"To overcome insomnia and improve sleep quality, establish a consistent sleep schedule, avoid blue light screens 1 hour before bedtime, limit caffeine intake after 2 PM, keep the bedroom cool and dark, and practice deep breathing exercises. Reference document #413 for medical inquiry.",Lifestyle,Medical Journal #113
qa_00414,What are the primary causes and treatments for asthma attacks? (Case #414),"Asthma is a chronic inflammatory airway condition triggered by allergens, cold air, exercise, or stress. Inhaled corticosteroids provide long-term control, while short-acting beta-agonists (Albuterol inhalers) act as quick rescue medications during acute bronchospasm. Reference document #414 for medical inquiry.",General Health,Medical Journal #114
qa_00415,What causes joint pain in fingers and knees? (Case #415),"Joint pain in fingers and knees is commonly caused by osteoarthritis (wear and tear of cartilage), rheumatoid arthritis (autoimmune inflammation), gout (uric acid accumulation), or tendonitis. Treatment involves NSAIDs, physical therapy, and warm compresses. Reference document #415 for medical inquiry.",General Health,Medical Journal #115
qa_00416,How to reduce high cholesterol levels through diet? (Case #416),"To lower LDL cholesterol, increase intake of soluble fiber (oats, beans, apples), eat omega-3 rich foods like salmon and flaxseeds, replace saturated fats with monounsaturated olive oil, and limit trans fats and processed meats. Reference document #416 for medical inquiry.",Lifestyle,Medical Journal #116
qa_00417,What are the warning signs of a stroke? (Case #417),"Stroke warning signs follow the FAST acronym: Face drooping, Arm weakness, Speech difficulty, Time to call emergency services. Prompt thrombolytic treatment within 3 hours significantly reduces long-term brain damage. Reference document #417 for medical inquiry.",Neurology,Medical Journal #117
qa_00418,How to treat skin rashes and itching at home? (Case #418),"Home treatment for skin rashes includes applying calamine lotion or 1% hydrocortisone cream, taking cool oatmeal baths, using fragrance-free moisturizers, and taking oral antihistamines like Cetirizine for itching relief. Reference document #418 for medical inquiry.",Dermatology,Medical Journal #118
qa_00419,What is the normal blood pressure reading for adults? (Case #419),"A normal adult blood pressure reading is less than 120/80 mmHg. Systolic pressure between 120-129 mmHg is elevated, while 130/80 mmHg or higher indicates stage 1 hypertension requiring lifestyle changes or medication. Reference document #419 for medical inquiry.",Cardiology,Medical Journal #119
qa_00420,What are the symptoms and home treatment for acidity and heartburn? (Case #420),"Heartburn presents as a burning sensation in the chest caused by stomach acid regurgitating into the esophagus. Home relief includes over-the-counter antacids, avoiding lying down immediately after meals, and elevating the head of your bed. Reference document #420 for medical inquiry.",Gastroenterology,Medical Journal #120
qa_00421,What are the early symptoms of diabetes? (Case #421),"Early symptoms of diabetes include increased thirst (polydipsia), frequent urination (polyuria), extreme hunger, weight loss, fatigue, blurred vision, and slow-healing sores. Blood sugar levels should be tested if these occur. Reference document #421 for medical inquiry.",Cardiology,Medical Journal #121
qa_00422,How to manage high blood pressure naturally? (Case #422),"High blood pressure (hypertension) can be managed naturally by eating a low-sodium DASH diet, regular aerobic exercise for 30 minutes daily, limiting alcohol consumption, avoiding smoking, managing stress, and maintaining a healthy body mass index (BMI under 25). Reference document #422 for medical inquiry.",Cardiology,Medical Journal #122
qa_00423,What is the recommended dosage for Paracetamol in adults? (Case #423),"The standard adult dosage for Paracetamol (Acetaminophen) is 500 mg to 1000 mg every 4 to 6 hours as needed, with a maximum daily limit of 4000 mg (4 grams) in 24 hours. Exceeding this can cause severe liver damage. Reference document #423 for medical inquiry.",Medications,Medical Journal #123
qa_00424,What causes sudden chest pain and when to seek emergency help? (Case #424),"Sudden chest pain can be caused by angina, myocardial infarction (heart attack), pericarditis, acid reflux, or muscle strain. If chest pain radiates to the left arm, jaw, or neck accompanied by shortness of breath, seek immediate emergency help (call 112). Reference document #424 for medical inquiry.",Cardiology,Medical Journal #124
qa_00425,What are common remedies for severe stomach ache and gastritis? (Case #425),"Stomach ache and gastritis remedies include drinking antacids, consuming ginger tea, avoiding spicy or acidic foods, drinking plenty of fluids, and eating smaller frequent meals. If stomach pain is severe or accompanied by blood in stool, consult a doctor. Reference document #425 for medical inquiry.",Gastroenterology,Medical Journal #125
qa_00426,How does Metformin work for Type 2 Diabetes treatment? (Case #426),Metformin lowers blood glucose levels by suppressing glucose production by the liver (gluconeogenesis) and increasing insulin sensitivity in peripheral tissues. Common side effects include mild nausea and stomach upset. Reference document #426 for medical inquiry.,Medications,Medical Journal #126
qa_00427,What are the side effects of Amoxicillin antibiotic? (Case #427),"Amoxicillin is a broad-spectrum penicillin antibiotic. Common side effects include nausea, vomiting, diarrhea, skin rash, and abdominal distress. Seek urgent medical care if severe allergic reactions like swelling or breathing difficulty develop. Reference document #427 for medical inquiry.",Medications,Medical Journal #127
qa_00428,How to improve sleep quality and overcome insomnia? (Case #428),"To overcome insomnia and improve sleep quality, establish a consistent sleep schedule, avoid blue light screens 1 hour before bedtime, limit caffeine intake after 2 PM, keep the bedroom cool and dark, and practice deep breathing exercises. Reference document #428 for medical inquiry.",Lifestyle,Medical Journal #128
qa_00429,What are the primary causes and treatments for asthma attacks? (Case #429),"Asthma is a chronic inflammatory airway condition triggered by allergens, cold air, exercise, or stress. Inhaled corticosteroids provide long-term control, while short-acting beta-agonists (Albuterol inhalers) act as quick rescue medications during acute bronchospasm. Reference document #429 for medical inquiry.",General Health,Medical Journal #129
qa_00430,What causes joint pain in fingers and knees? (Case #430),"Joint pain in fingers and knees is commonly caused by osteoarthritis (wear and tear of cartilage), rheumatoid arthritis (autoimmune inflammation), gout (uric acid accumulation), or tendonitis. Treatment involves NSAIDs, physical therapy, and warm compresses. Reference document #430 for medical inquiry.",General Health,Medical Journal #130
qa_00431,How to reduce high cholesterol levels through diet? (Case #431),"To lower LDL cholesterol, increase intake of soluble fiber (oats, beans, apples), eat omega-3 rich foods like salmon and flaxseeds, replace saturated fats with monounsaturated olive oil, and limit trans fats and processed meats. Reference document #431 for medical inquiry.",Lifestyle,Medical Journal #131
qa_00432,What are the warning signs of a stroke? (Case #432),"Stroke warning signs follow the FAST acronym: Face drooping, Arm weakness, Speech difficulty, Time to call emergency services. Prompt thrombolytic treatment within 3 hours significantly reduces long-term brain damage. Reference document #432 for medical inquiry.",Neurology,Medical Journal #132
qa_00433,How to treat skin rashes and itching at home? (Case #433),"Home treatment for skin rashes includes applying calamine lotion or 1% hydrocortisone cream, taking cool oatmeal baths, using fragrance-free moisturizers, and taking oral antihistamines like Cetirizine for itching relief. Reference document #433 for medical inquiry.",Dermatology,Medical Journal #133
qa_00434,What is the normal blood pressure reading for adults? (Case #434),"A normal adult blood pressure reading is less than 120/80 mmHg. Systolic pressure between 120-129 mmHg is elevated, while 130/80 mmHg or higher indicates stage 1 hypertension requiring lifestyle changes or medication. Reference document #434 for medical inquiry.",Cardiology,Medical Journal #134
qa_00435,What are the symptoms and home treatment for acidity and heartburn? (Case #435),"Heartburn presents as a burning sensation in the chest caused by stomach acid regurgitating into the esophagus. Home relief includes over-the-counter antacids, avoiding lying down immediately after meals, and elevating the head of your bed. Reference document #435 for medical inquiry.",Gastroenterology,Medical Journal #135
qa_00436,What are the early symptoms of diabetes? (Case #436),"Early symptoms of diabetes include increased thirst (polydipsia), frequent urination (polyuria), extreme hunger, weight loss, fatigue, blurred vision, and slow-healing sores. Blood sugar levels should be tested if these occur. Reference document #436 for medical inquiry.",Cardiology,Medical Journal #136
qa_00437,How to manage high blood pressure naturally? (Case #437),"High blood pressure (hypertension) can be managed naturally by eating a low-sodium DASH diet, regular aerobic exercise for 30 minutes daily, limiting alcohol consumption, avoiding smoking, managing stress, and maintaining a healthy body mass index (BMI under 25). Reference document #437 for medical inquiry.",Cardiology,Medical Journal #137
qa_00438,What is the recommended dosage for Paracetamol in adults? (Case #438),"The standard adult dosage for Paracetamol (Acetaminophen) is 500 mg to 1000 mg every 4 to 6 hours as needed, with a maximum daily limit of 4000 mg (4 grams) in 24 hours. Exceeding this can cause severe liver damage. Reference document #438 for medical inquiry.",Medications,Medical Journal #138
qa_00439,What causes sudden chest pain and when to seek emergency help? (Case #439),"Sudden chest pain can be caused by angina, myocardial infarction (heart attack), pericarditis, acid reflux, or muscle strain. If chest pain radiates to the left arm, jaw, or neck accompanied by shortness of breath, seek immediate emergency help (call 112). Reference document #439 for medical inquiry.",Cardiology,Medical Journal #139
qa_00440,What are common remedies for severe stomach ache and gastritis? (Case #440),"Stomach ache and gastritis remedies include drinking antacids, consuming ginger tea, avoiding spicy or acidic foods, drinking plenty of fluids, and eating smaller frequent meals. If stomach pain is severe or accompanied by blood in stool, consult a doctor. Reference document #440 for medical inquiry.",Gastroenterology,Medical Journal #140
qa_00441,How does Metformin work for Type 2 Diabetes treatment? (Case #441),Metformin lowers blood glucose levels by suppressing glucose production by the liver (gluconeogenesis) and increasing insulin sensitivity in peripheral tissues. Common side effects include mild nausea and stomach upset. Reference document #441 for medical inquiry.,Medications,Medical Journal #141
qa_00442,What are the side effects of Amoxicillin antibiotic? (Case #442),"Amoxicillin is a broad-spectrum penicillin antibiotic. Common side effects include nausea, vomiting, diarrhea, skin rash, and abdominal distress. Seek urgent medical care if severe allergic reactions like swelling or breathing difficulty develop. Reference document #442 for medical inquiry.",Medications,Medical Journal #142
qa_00443,How to improve sleep quality and overcome insomnia? (Case #443),"To overcome insomnia and improve sleep quality, establish a consistent sleep schedule, avoid blue light screens 1 hour before bedtime, limit caffeine intake after 2 PM, keep the bedroom cool and dark, and practice deep breathing exercises. Reference document #443 for medical inquiry.",Lifestyle,Medical Journal #143
qa_00444,What are the primary causes and treatments for asthma attacks? (Case #444),"Asthma is a chronic inflammatory airway condition triggered by allergens, cold air, exercise, or stress. Inhaled corticosteroids provide long-term control, while short-acting beta-agonists (Albuterol inhalers) act as quick rescue medications during acute bronchospasm. Reference document #444 for medical inquiry.",General Health,Medical Journal #144
qa_00445,What causes joint pain in fingers and knees? (Case #445),"Joint pain in fingers and knees is commonly caused by osteoarthritis (wear and tear of cartilage), rheumatoid arthritis (autoimmune inflammation), gout (uric acid accumulation), or tendonitis. Treatment involves NSAIDs, physical therapy, and warm compresses. Reference document #445 for medical inquiry.",General Health,Medical Journal #145
qa_00446,How to reduce high cholesterol levels through diet? (Case #446),"To lower LDL cholesterol, increase intake of soluble fiber (oats, beans, apples), eat omega-3 rich foods like salmon and flaxseeds, replace saturated fats with monounsaturated olive oil, and limit trans fats and processed meats. Reference document #446 for medical inquiry.",Lifestyle,Medical Journal #146
qa_00447,What are the warning signs of a stroke? (Case #447),"Stroke warning signs follow the FAST acronym: Face drooping, Arm weakness, Speech difficulty, Time to call emergency services. Prompt thrombolytic treatment within 3 hours significantly reduces long-term brain damage. Reference document #447 for medical inquiry.",Neurology,Medical Journal #147
qa_00448,How to treat skin rashes and itching at home? (Case #448),"Home treatment for skin rashes includes applying calamine lotion or 1% hydrocortisone cream, taking cool oatmeal baths, using fragrance-free moisturizers, and taking oral antihistamines like Cetirizine for itching relief. Reference document #448 for medical inquiry.",Dermatology,Medical Journal #148
qa_00449,What is the normal blood pressure reading for adults? (Case #449),"A normal adult blood pressure reading is less than 120/80 mmHg. Systolic pressure between 120-129 mmHg is elevated, while 130/80 mmHg or higher indicates stage 1 hypertension requiring lifestyle changes or medication. Reference document #449 for medical inquiry.",Cardiology,Medical Journal #149
qa_00450,What are the symptoms and home treatment for acidity and heartburn? (Case #450),"Heartburn presents as a burning sensation in the chest caused by stomach acid regurgitating into the esophagus. Home relief includes over-the-counter antacids, avoiding lying down immediately after meals, and elevating the head of your bed. Reference document #450 for medical inquiry.",Gastroenterology,Medical Journal #100
qa_00451,What are the early symptoms of diabetes? (Case #451),"Early symptoms of diabetes include increased thirst (polydipsia), frequent urination (polyuria), extreme hunger, weight loss, fatigue, blurred vision, and slow-healing sores. Blood sugar levels should be tested if these occur. Reference document #451 for medical inquiry.",Cardiology,Medical Journal #101
qa_00452,How to manage high blood pressure naturally? (Case #452),"High blood pressure (hypertension) can be managed naturally by eating a low-sodium DASH diet, regular aerobic exercise for 30 minutes daily, limiting alcohol consumption, avoiding smoking, managing stress, and maintaining a healthy body mass index (BMI under 25). Reference document #452 for medical inquiry.",Cardiology,Medical Journal #102
qa_00453,What is the recommended dosage for Paracetamol in adults? (Case #453),"The standard adult dosage for Paracetamol (Acetaminophen) is 500 mg to 1000 mg every 4 to 6 hours as needed, with a maximum daily limit of 4000 mg (4 grams) in 24 hours. Exceeding this can cause severe liver damage. Reference document #453 for medical inquiry.",Medications,Medical Journal #103
qa_00454,What causes sudden chest pain and when to seek emergency help? (Case #454),"Sudden chest pain can be caused by angina, myocardial infarction (heart attack), pericarditis, acid reflux, or muscle strain. If chest pain radiates to the left arm, jaw, or neck accompanied by shortness of breath, seek immediate emergency help (call 112). Reference document #454 for medical inquiry.",Cardiology,Medical Journal #104
qa_00455,What are common remedies for severe stomach ache and gastritis? (Case #455),"Stomach ache and gastritis remedies include drinking antacids, consuming ginger tea, avoiding spicy or acidic foods, drinking plenty of fluids, and eating smaller frequent meals. If stomach pain is severe or accompanied by blood in stool, consult a doctor. Reference document #455 for medical inquiry.",Gastroenterology,Medical Journal #105
qa_00456,How does Metformin work for Type 2 Diabetes treatment? (Case #456),Metformin lowers blood glucose levels by suppressing glucose production by the liver (gluconeogenesis) and increasing insulin sensitivity in peripheral tissues. Common side effects include mild nausea and stomach upset. Reference document #456 for medical inquiry.,Medications,Medical Journal #106
qa_00457,What are the side effects of Amoxicillin antibiotic? (Case #457),"Amoxicillin is a broad-spectrum penicillin antibiotic. Common side effects include nausea, vomiting, diarrhea, skin rash, and abdominal distress. Seek urgent medical care if severe allergic reactions like swelling or breathing difficulty develop. Reference document #457 for medical inquiry.",Medications,Medical Journal #107
qa_00458,How to improve sleep quality and overcome insomnia? (Case #458),"To overcome insomnia and improve sleep quality, establish a consistent sleep schedule, avoid blue light screens 1 hour before bedtime, limit caffeine intake after 2 PM, keep the bedroom cool and dark, and practice deep breathing exercises. Reference document #458 for medical inquiry.",Lifestyle,Medical Journal #108
qa_00459,What are the primary causes and treatments for asthma attacks? (Case #459),"Asthma is a chronic inflammatory airway condition triggered by allergens, cold air, exercise, or stress. Inhaled corticosteroids provide long-term control, while short-acting beta-agonists (Albuterol inhalers) act as quick rescue medications during acute bronchospasm. Reference document #459 for medical inquiry.",General Health,Medical Journal #109
qa_00460,What causes joint pain in fingers and knees? (Case #460),"Joint pain in fingers and knees is commonly caused by osteoarthritis (wear and tear of cartilage), rheumatoid arthritis (autoimmune inflammation), gout (uric acid accumulation), or tendonitis. Treatment involves NSAIDs, physical therapy, and warm compresses. Reference document #460 for medical inquiry.",General Health,Medical Journal #110
qa_00461,How to reduce high cholesterol levels through diet? (Case #461),"To lower LDL cholesterol, increase intake of soluble fiber (oats, beans, apples), eat omega-3 rich foods like salmon and flaxseeds, replace saturated fats with monounsaturated olive oil, and limit trans fats and processed meats. Reference document #461 for medical inquiry.",Lifestyle,Medical Journal #111
qa_00462,What are the warning signs of a stroke? (Case #462),"Stroke warning signs follow the FAST acronym: Face drooping, Arm weakness, Speech difficulty, Time to call emergency services. Prompt thrombolytic treatment within 3 hours significantly reduces long-term brain damage. Reference document #462 for medical inquiry.",Neurology,Medical Journal #112
qa_00463,How to treat skin rashes and itching at home? (Case #463),"Home treatment for skin rashes includes applying calamine lotion or 1% hydrocortisone cream, taking cool oatmeal baths, using fragrance-free moisturizers, and taking oral antihistamines like Cetirizine for itching relief. Reference document #463 for medical inquiry.",Dermatology,Medical Journal #113
qa_00464,What is the normal blood pressure reading for adults? (Case #464),"A normal adult blood pressure reading is less than 120/80 mmHg. Systolic pressure between 120-129 mmHg is elevated, while 130/80 mmHg or higher indicates stage 1 hypertension requiring lifestyle changes or medication. Reference document #464 for medical inquiry.",Cardiology,Medical Journal #114
qa_00465,What are the symptoms and home treatment for acidity and heartburn? (Case #465),"Heartburn presents as a burning sensation in the chest caused by stomach acid regurgitating into the esophagus. Home relief includes over-the-counter antacids, avoiding lying down immediately after meals, and elevating the head of your bed. Reference document #465 for medical inquiry.",Gastroenterology,Medical Journal #115
qa_00466,What are the early symptoms of diabetes? (Case #466),"Early symptoms of diabetes include increased thirst (polydipsia), frequent urination (polyuria), extreme hunger, weight loss, fatigue, blurred vision, and slow-healing sores. Blood sugar levels should be tested if these occur. Reference document #466 for medical inquiry.",Cardiology,Medical Journal #116
qa_00467,How to manage high blood pressure naturally? (Case #467),"High blood pressure (hypertension) can be managed naturally by eating a low-sodium DASH diet, regular aerobic exercise for 30 minutes daily, limiting alcohol consumption, avoiding smoking, managing stress, and maintaining a healthy body mass index (BMI under 25). Reference document #467 for medical inquiry.",Cardiology,Medical Journal #117
qa_00468,What is the recommended dosage for Paracetamol in adults? (Case #468),"The standard adult dosage for Paracetamol (Acetaminophen) is 500 mg to 1000 mg every 4 to 6 hours as needed, with a maximum daily limit of 4000 mg (4 grams) in 24 hours. Exceeding this can cause severe liver damage. Reference document #468 for medical inquiry.",Medications,Medical Journal #118
qa_00469,What causes sudden chest pain and when to seek emergency help? (Case #469),"Sudden chest pain can be caused by angina, myocardial infarction (heart attack), pericarditis, acid reflux, or muscle strain. If chest pain radiates to the left arm, jaw, or neck accompanied by shortness of breath, seek immediate emergency help (call 112). Reference document #469 for medical inquiry.",Cardiology,Medical Journal #119
qa_00470,What are common remedies for severe stomach ache and gastritis? (Case #470),"Stomach ache and gastritis remedies include drinking antacids, consuming ginger tea, avoiding spicy or acidic foods, drinking plenty of fluids, and eating smaller frequent meals. If stomach pain is severe or accompanied by blood in stool, consult a doctor. Reference document #470 for medical inquiry.",Gastroenterology,Medical Journal #120
qa_00471,How does Metformin work for Type 2 Diabetes treatment? (Case #471),Metformin lowers blood glucose levels by suppressing glucose production by the liver (gluconeogenesis) and increasing insulin sensitivity in peripheral tissues. Common side effects include mild nausea and stomach upset. Reference document #471 for medical inquiry.,Medications,Medical Journal #121
qa_00472,What are the side effects of Amoxicillin antibiotic? (Case #472),"Amoxicillin is a broad-spectrum penicillin antibiotic. Common side effects include nausea, vomiting, diarrhea, skin rash, and abdominal distress. Seek urgent medical care if severe allergic reactions like swelling or breathing difficulty develop. Reference document #472 for medical inquiry.",Medications,Medical Journal #122
qa_00473,How to improve sleep quality and overcome insomnia? (Case #473),"To overcome insomnia and improve sleep quality, establish a consistent sleep schedule, avoid blue light screens 1 hour before bedtime, limit caffeine intake after 2 PM, keep the bedroom cool and dark, and practice deep breathing exercises. Reference document #473 for medical inquiry.",Lifestyle,Medical Journal #123
qa_00474,What are the primary causes and treatments for asthma attacks? (Case #474),"Asthma is a chronic inflammatory airway condition triggered by allergens, cold air, exercise, or stress. Inhaled corticosteroids provide long-term control, while short-acting beta-agonists (Albuterol inhalers) act as quick rescue medications during acute bronchospasm. Reference document #474 for medical inquiry.",General Health,Medical Journal #124
qa_00475,What causes joint pain in fingers and knees? (Case #475),"Joint pain in fingers and knees is commonly caused by osteoarthritis (wear and tear of cartilage), rheumatoid arthritis (autoimmune inflammation), gout (uric acid accumulation), or tendonitis. Treatment involves NSAIDs, physical therapy, and warm compresses. Reference document #475 for medical inquiry.",General Health,Medical Journal #125
qa_00476,How to reduce high cholesterol levels through diet? (Case #476),"To lower LDL cholesterol, increase intake of soluble fiber (oats, beans, apples), eat omega-3 rich foods like salmon and flaxseeds, replace saturated fats with monounsaturated olive oil, and limit trans fats and processed meats. Reference document #476 for medical inquiry.",Lifestyle,Medical Journal #126
qa_00477,What are the warning signs of a stroke? (Case #477),"Stroke warning signs follow the FAST acronym: Face drooping, Arm weakness, Speech difficulty, Time to call emergency services. Prompt thrombolytic treatment within 3 hours significantly reduces long-term brain damage. Reference document #477 for medical inquiry.",Neurology,Medical Journal #127
qa_00478,How to treat skin rashes and itching at home? (Case #478),"Home treatment for skin rashes includes applying calamine lotion or 1% hydrocortisone cream, taking cool oatmeal baths, using fragrance-free moisturizers, and taking oral antihistamines like Cetirizine for itching relief. Reference document #478 for medical inquiry.",Dermatology,Medical Journal #128
qa_00479,What is the normal blood pressure reading for adults? (Case #479),"A normal adult blood pressure reading is less than 120/80 mmHg. Systolic pressure between 120-129 mmHg is elevated, while 130/80 mmHg or higher indicates stage 1 hypertension requiring lifestyle changes or medication. Reference document #479 for medical inquiry.",Cardiology,Medical Journal #129
qa_00480,What are the symptoms and home treatment for acidity and heartburn? (Case #480),"Heartburn presents as a burning sensation in the chest caused by stomach acid regurgitating into the esophagus. Home relief includes over-the-counter antacids, avoiding lying down immediately after meals, and elevating the head of your bed. Reference document #480 for medical inquiry.",Gastroenterology,Medical Journal #130
qa_00481,What are the early symptoms of diabetes? (Case #481),"Early symptoms of diabetes include increased thirst (polydipsia), frequent urination (polyuria), extreme hunger, weight loss, fatigue, blurred vision, and slow-healing sores. Blood sugar levels should be tested if these occur. Reference document #481 for medical inquiry.",Cardiology,Medical Journal #131
qa_00482,How to manage high blood pressure naturally? (Case #482),"High blood pressure (hypertension) can be managed naturally by eating a low-sodium DASH diet, regular aerobic exercise for 30 minutes daily, limiting alcohol consumption, avoiding smoking, managing stress, and maintaining a healthy body mass index (BMI under 25). Reference document #482 for medical inquiry.",Cardiology,Medical Journal #132
qa_00483,What is the recommended dosage for Paracetamol in adults? (Case #483),"The standard adult dosage for Paracetamol (Acetaminophen) is 500 mg to 1000 mg every 4 to 6 hours as needed, with a maximum daily limit of 4000 mg (4 grams) in 24 hours. Exceeding this can cause severe liver damage. Reference document #483 for medical inquiry.",Medications,Medical Journal #133
qa_00484,What causes sudden chest pain and when to seek emergency help? (Case #484),"Sudden chest pain can be caused by angina, myocardial infarction (heart attack), pericarditis, acid reflux, or muscle strain. If chest pain radiates to the left arm, jaw, or neck accompanied by shortness of breath, seek immediate emergency help (call 112). Reference document #484 for medical inquiry.",Cardiology,Medical Journal #134
qa_00485,What are common remedies for severe stomach ache and gastritis? (Case #485),"Stomach ache and gastritis remedies include drinking antacids, consuming ginger tea, avoiding spicy or acidic foods, drinking plenty of fluids, and eating smaller frequent meals. If stomach pain is severe or accompanied by blood in stool, consult a doctor. Reference document #485 for medical inquiry.",Gastroenterology,Medical Journal #135
qa_00486,How does Metformin work for Type 2 Diabetes treatment? (Case #486),Metformin lowers blood glucose levels by suppressing glucose production by the liver (gluconeogenesis) and increasing insulin sensitivity in peripheral tissues. Common side effects include mild nausea and stomach upset. Reference document #486 for medical inquiry.,Medications,Medical Journal #136
qa_00487,What are the side effects of Amoxicillin antibiotic? (Case #487),"Amoxicillin is a broad-spectrum penicillin antibiotic. Common side effects include nausea, vomiting, diarrhea, skin rash, and abdominal distress. Seek urgent medical care if severe allergic reactions like swelling or breathing difficulty develop. Reference document #487 for medical inquiry.",Medications,Medical Journal #137
qa_00488,How to improve sleep quality and overcome insomnia? (Case #488),"To overcome insomnia and improve sleep quality, establish a consistent sleep schedule, avoid blue light screens 1 hour before bedtime, limit caffeine intake after 2 PM, keep the bedroom cool and dark, and practice deep breathing exercises. Reference document #488 for medical inquiry.",Lifestyle,Medical Journal #138
qa_00489,What are the primary causes and treatments for asthma attacks? (Case #489),"Asthma is a chronic inflammatory airway condition triggered by allergens, cold air, exercise, or stress. Inhaled corticosteroids provide long-term control, while short-acting beta-agonists (Albuterol inhalers) act as quick rescue medications during acute bronchospasm. Reference document #489 for medical inquiry.",General Health,Medical Journal #139
qa_00490,What causes joint pain in fingers and knees? (Case #490),"Joint pain in fingers and knees is commonly caused by osteoarthritis (wear and tear of cartilage), rheumatoid arthritis (autoimmune inflammation), gout (uric acid accumulation), or tendonitis. Treatment involves NSAIDs, physical therapy, and warm compresses. Reference document #490 for medical inquiry.",General Health,Medical Journal #140
qa_00491,How to reduce high cholesterol levels through diet? (Case #491),"To lower LDL cholesterol, increase intake of soluble fiber (oats, beans, apples), eat omega-3 rich foods like salmon and flaxseeds, replace saturated fats with monounsaturated olive oil, and limit trans fats and processed meats. Reference document #491 for medical inquiry.",Lifestyle,Medical Journal #141
qa_00492,What are the warning signs of a stroke? (Case #492),"Stroke warning signs follow the FAST acronym: Face drooping, Arm weakness, Speech difficulty, Time to call emergency services. Prompt thrombolytic treatment within 3 hours significantly reduces long-term brain damage. Reference document #492 for medical inquiry.",Neurology,Medical Journal #142
qa_00493,How to treat skin rashes and itching at home? (Case #493),"Home treatment for skin rashes includes applying calamine lotion or 1% hydrocortisone cream, taking cool oatmeal baths, using fragrance-free moisturizers, and taking oral antihistamines like Cetirizine for itching relief. Reference document #493 for medical inquiry.",Dermatology,Medical Journal #143
qa_00494,What is the normal blood pressure reading for adults? (Case #494),"A normal adult blood pressure reading is less than 120/80 mmHg. Systolic pressure between 120-129 mmHg is elevated, while 130/80 mmHg or higher indicates stage 1 hypertension requiring lifestyle changes or medication. Reference document #494 for medical inquiry.",Cardiology,Medical Journal #144
qa_00495,What are the symptoms and home treatment for acidity and heartburn? (Case #495),"Heartburn presents as a burning sensation in the chest caused by stomach acid regurgitating into the esophagus. Home relief includes over-the-counter antacids, avoiding lying down immediately after meals, and elevating the head of your bed. Reference document #495 for medical inquiry.",Gastroenterology,Medical Journal #145
qa_00496,What are the early symptoms of diabetes? (Case #496),"Early symptoms of diabetes include increased thirst (polydipsia), frequent urination (polyuria), extreme hunger, weight loss, fatigue, blurred vision, and slow-healing sores. Blood sugar levels should be tested if these occur. Reference document #496 for medical inquiry.",Cardiology,Medical Journal #146
qa_00497,How to manage high blood pressure naturally? (Case #497),"High blood pressure (hypertension) can be managed naturally by eating a low-sodium DASH diet, regular aerobic exercise for 30 minutes daily, limiting alcohol consumption, avoiding smoking, managing stress, and maintaining a healthy body mass index (BMI under 25). Reference document #497 for medical inquiry.",Cardiology,Medical Journal #147
qa_00498,What is the recommended dosage for Paracetamol in adults? (Case #498),"The standard adult dosage for Paracetamol (Acetaminophen) is 500 mg to 1000 mg every 4 to 6 hours as needed, with a maximum daily limit of 4000 mg (4 grams) in 24 hours. Exceeding this can cause severe liver damage. Reference document #498 for medical inquiry.",Medications,Medical Journal #148
qa_00499,What causes sudden chest pain and when to seek emergency help? (Case #499),"Sudden chest pain can be caused by angina, myocardial infarction (heart attack), pericarditis, acid reflux, or muscle strain. If chest pain radiates to the left arm, jaw, or neck accompanied by shortness of breath, seek immediate emergency help (call 112). Reference document #499 for medical inquiry.",Cardiology,Medical Journal #149
qa_00500,What are common remedies for severe stomach ache and gastritis? (Case #500),"Stomach ache and gastritis remedies include drinking antacids, consuming ginger tea, avoiding spicy or acidic foods, drinking plenty of fluids, and eating smaller frequent meals. If stomach pain is severe or accompanied by blood in stool, consult a doctor. Reference document #500 for medical inquiry.",Gastroenterology,Medical Journal #100
